Facebook__	OpenFacebook__	publica algo en facebook 	 o o o o
Facebook__	OpenFacebook__	publica algo en el facebook 	 o o o o o
Facebook__	OpenFacebook__	crea una nueva publicación en el facebook 	 o o o o o o o
Facebook__	OpenFacebook__	crea una nueva publicación de facebook 	 o o o o o o
Facebook__	OpenFacebook__	actualiza mi estado de facebook 	 o o o o o
Facebook__	OpenFacebook__	cambia mi estado de facebook 	 o o o o o
Facebook__	PostStatus__	publica por la plata baila el mono en facebook 	 o b-status i-status i-status i-status i-status i-status o o
Facebook__	PostStatus__	publica volviendo a la rutina en el facebook 	 o b-status i-status i-status i-status o o o
Facebook__	PostStatus__	publica en facebook que el talón de skrillex 	 o o o o b-status i-status i-status i-status
Facebook__	PostStatus__	publica en facebook diciendo que a esperar el pollo con papas mmm ñamñam 	 o o o o o b-status i-status i-status i-status i-status i-status i-status i-status
Facebook__	PostStatus__	publica en el facebook que y linda igual a mama 	 o o o o o b-status i-status i-status i-status i-status
Facebook__	PostStatus__	publica en el facebook diciendo que en tierra de orcos el tuerto es sauron 	 o o o o o o b-status i-status i-status i-status i-status i-status i-status i-status
Facebook__	PostStatus__	actualiza mi estado de facebook diciendo al final solo tengo que quitarme 3 tatus 	 o o o o o o b-status i-status i-status i-status i-status i-status i-status i-status
Facebook__	PostStatus__	crea una nueva publicación que dice mañana a arrancar el gym en facebook 	 o o o o o o b-status i-status i-status i-status i-status o o
Facebook__	PostStatus__	crea una nueva publicación que dice me baño y salen mates con sebaa en el facebook 	 o o o o o o b-status i-status i-status i-status i-status i-status i-status o o o
Facebook__	PostStatus__	crea una nueva publicación que diga con lauupolaamilebianca en facebook 	 o o o o o o b-status i-status o o
Facebook__	PostStatus__	crea una nueva publicación que diga vemos los increibles con los bolivianos en el facebook 	 o o o o o o b-status i-status i-status i-status i-status i-status o o o
Facebook__	PostPicture__	publica una imagen en facebook 	 o o o o o
Facebook__	PostPicture__	publica una imagen en mi facebook 	 o o o o o o
Facebook__	PostPicture__	publica una foto en facebook 	 o o o o o
Facebook__	PostPicture__	publica una foto en mi facebook 	 o o o o o o
Facebook__	PostPicture__	pon una imagen en facebook 	 o o o o o
Facebook__	PostPicture__	pon una imagen en mi facebook 	 o o o o o o
Facebook__	PostPicture__	pon una foto en facebook 	 o o o o o
Facebook__	PostPicture__	pon una foto en mi facebook 	 o o o o o o
Facebook__	PostPicture__	sube una imagen a facebook 	 o o o o o
Facebook__	PostPicture__	sube una imagen a mi facebook 	 o o o o o o
Facebook__	PostPicture__	sube una foto a facebook 	 o o o o o
Facebook__	PostPicture__	sube una foto a mi facebook 	 o o o o o o
Facebook__	PostPicture__	añade una imagen a facebook 	 o o o o o
Facebook__	PostPicture__	añade una imagen a mi facebook 	 o o o o o o
Facebook__	PostPicture__	añade una foto a facebook 	 o o o o o
Facebook__	PostPicture__	añade una foto a mi facebook 	 o o o o o o
Facebook__	PostPictureWithCaption__	publica una imagen con el título con mi papá en facebook 	 o o o o o o b-caption i-caption i-caption o o
Facebook__	PostPictureWithCaption__	publica una imagen con el título con la loca te amo en el facebook 	 o o o o o o b-caption i-caption i-caption i-caption i-caption o o o
Facebook__	PostPictureWithCaption__	publica una imagen en facebook con el título te amo mi cariño 	 o o o o o o o o b-caption i-caption i-caption i-caption
Facebook__	PostPictureWithCaption__	publica una imagen en el facebook con el título el más importante de mi vida 	 o o o o o o o o o b-caption i-caption i-caption i-caption i-caption i-caption
Facebook__	PostPictureWithCaption__	pon una imagen con el título el mejor amigo perro en facebook 	 o o o o o o b-caption i-caption i-caption i-caption o o
Facebook__	PostPictureWithCaption__	pon una imagen con el título con mi papá en el facebook 	 o o o o o o b-caption i-caption i-caption o o o
Facebook__	PostPictureWithCaption__	pon una imagen en facebook con el título con la loca te amo 	 o o o o o o o o b-caption i-caption i-caption i-caption i-caption
Facebook__	PostPictureWithCaption__	pon una imagen en el facebook con el título te amo mi cariño 	 o o o o o o o o o b-caption i-caption i-caption i-caption
Facebook__	PostPictureWithCaption__	sube una imagen a facebook con título el más importante de mi vida 	 o o o o o o o b-caption i-caption i-caption i-caption i-caption i-caption
Facebook__	PostPictureWithCaption__	sube una imagen a facebook con un título el mejor amigo perro 	 o o o o o o o o b-caption i-caption i-caption i-caption
Facebook__	PostPictureWithCaption__	sube una imagen a facebook con el título con mi papá 	 o o o o o o o o b-caption i-caption i-caption
Facebook__	PostPictureWithCaption__	sube una imagen al facebook con título con la loca te amo 	 o o o o o o o b-caption i-caption i-caption i-caption i-caption
Facebook__	PostPictureWithCaption__	sube una imagen al facebook con un título te amo mi cariño 	 o o o o o o o o b-caption i-caption i-caption i-caption
Facebook__	PostPictureWithCaption__	sube una imagen al facebook con el título el más importante de mi vida 	 o o o o o o o o b-caption i-caption i-caption i-caption i-caption i-caption
Facebook__	PostPictureWithCaption__	sube una imagen con título el mejor amigo perro a facebook 	 o o o o o b-caption i-caption i-caption i-caption o o
Facebook__	PostPictureWithCaption__	sube una imagen con título con mi papá al facebook 	 o o o o o b-caption i-caption i-caption o o
Facebook__	PostPictureWithCaption__	sube una imagen con un título con la loca te amo a facebook 	 o o o o o o b-caption i-caption i-caption i-caption i-caption o o
Facebook__	PostPictureWithCaption__	sube una imagen con un título te amo mi cariño al facebook 	 o o o o o o b-caption i-caption i-caption i-caption o o
Facebook__	PostPictureWithCaption__	sube una imagen con el título el más importante de mi vida a facebook 	 o o o o o o b-caption i-caption i-caption i-caption i-caption i-caption o o
Facebook__	PostPictureWithCaption__	sube una imagen con el título el mejor amigo perro al facebook 	 o o o o o o b-caption i-caption i-caption i-caption o o
Facebook__	PostPictureWithCaption__	sube una foto a facebook con título con mi papá 	 o o o o o o o b-caption i-caption i-caption
Facebook__	PostPictureWithCaption__	sube una foto a facebook con un título con la loca te amo 	 o o o o o o o o b-caption i-caption i-caption i-caption i-caption
Facebook__	PostPictureWithCaption__	sube una foto a facebook con el título te amo mi cariño 	 o o o o o o o o b-caption i-caption i-caption i-caption
Facebook__	PostPictureWithCaption__	sube una foto al facebook con título el más importante de mi vida 	 o o o o o o o b-caption i-caption i-caption i-caption i-caption i-caption
Facebook__	PostPictureWithCaption__	sube una foto al facebook con un título el mejor amigo perro 	 o o o o o o o o b-caption i-caption i-caption i-caption
Facebook__	PostPictureWithCaption__	sube una foto al facebook con el título con mi papá 	 o o o o o o o o b-caption i-caption i-caption
Facebook__	PostPictureWithCaption__	sube una foto con título con la loca te amo a facebook 	 o o o o o b-caption i-caption i-caption i-caption i-caption o o
Facebook__	PostPictureWithCaption__	sube una foto con título te amo mi cariño al facebook 	 o o o o o b-caption i-caption i-caption i-caption o o
Facebook__	PostPictureWithCaption__	sube una foto con un título el más importante de mi vida a facebook 	 o o o o o o b-caption i-caption i-caption i-caption i-caption i-caption o o
Facebook__	PostPictureWithCaption__	sube una foto con un título el mejor amigo perro al facebook 	 o o o o o o b-caption i-caption i-caption i-caption o o
Facebook__	PostPictureWithCaption__	sube una foto con el título con mi papá a facebook 	 o o o o o o b-caption i-caption i-caption o o
Facebook__	PostPictureWithCaption__	sube una foto con el título con la loca te amo al facebook 	 o o o o o o b-caption i-caption i-caption i-caption i-caption o o
Facebook__	PostPictureWithCaption__	añade una imagen a facebook con título te amo mi cariño 	 o o o o o o o b-caption i-caption i-caption i-caption
Facebook__	PostPictureWithCaption__	añade una imagen a facebook con un título el más importante de mi vida 	 o o o o o o o o b-caption i-caption i-caption i-caption i-caption i-caption
Facebook__	PostPictureWithCaption__	añade una imagen a facebook con el título el mejor amigo perro 	 o o o o o o o o b-caption i-caption i-caption i-caption
Facebook__	PostPictureWithCaption__	añade una imagen al facebook con título con mi papá 	 o o o o o o o b-caption i-caption i-caption
Facebook__	PostPictureWithCaption__	añade una imagen al facebook con un título con la loca te amo 	 o o o o o o o o b-caption i-caption i-caption i-caption i-caption
Facebook__	PostPictureWithCaption__	añade una imagen al facebook con el título te amo mi cariño 	 o o o o o o o o b-caption i-caption i-caption i-caption
Facebook__	PostPictureWithCaption__	añade una imagen con título el más importante de mi vida a facebook 	 o o o o o b-caption i-caption i-caption i-caption i-caption i-caption o o
Facebook__	PostPictureWithCaption__	añade una imagen con título el mejor amigo perro al facebook 	 o o o o o b-caption i-caption i-caption i-caption o o
Facebook__	PostPictureWithCaption__	añade una imagen con un título con mi papá a facebook 	 o o o o o o b-caption i-caption i-caption o o
Facebook__	PostPictureWithCaption__	añade una imagen con un título con la loca te amo al facebook 	 o o o o o o b-caption i-caption i-caption i-caption i-caption o o
Facebook__	PostPictureWithCaption__	añade una imagen con el título te amo mi cariño a facebook 	 o o o o o o b-caption i-caption i-caption i-caption o o
Facebook__	PostPictureWithCaption__	añade una imagen con el título el más importante de mi vida al facebook 	 o o o o o o b-caption i-caption i-caption i-caption i-caption i-caption o o
Facebook__	PostPictureWithCaption__	añade una foto a facebook con título el mejor amigo perro 	 o o o o o o o b-caption i-caption i-caption i-caption
Facebook__	PostPictureWithCaption__	añade una foto a facebook con un título con mi papá 	 o o o o o o o o b-caption i-caption i-caption
Facebook__	PostPictureWithCaption__	añade una foto a facebook con el título con la loca te amo 	 o o o o o o o o b-caption i-caption i-caption i-caption i-caption
Facebook__	PostPictureWithCaption__	añade una foto al facebook con título te amo mi cariño 	 o o o o o o o b-caption i-caption i-caption i-caption
Facebook__	PostPictureWithCaption__	añade una foto al facebook con un título el más importante de mi vida 	 o o o o o o o o b-caption i-caption i-caption i-caption i-caption i-caption
Facebook__	PostPictureWithCaption__	añade una foto al facebook con el título el mejor amigo perro 	 o o o o o o o o b-caption i-caption i-caption i-caption
Facebook__	PostPictureWithCaption__	añade una foto con título con mi papá a facebook 	 o o o o o b-caption i-caption i-caption o o
Facebook__	PostPictureWithCaption__	añade una foto con título con la loca te amo al facebook 	 o o o o o b-caption i-caption i-caption i-caption i-caption o o
Facebook__	PostPictureWithCaption__	añade una foto con un título te amo mi cariño a facebook 	 o o o o o o b-caption i-caption i-caption i-caption o o
Facebook__	PostPictureWithCaption__	añade una foto con un título el más importante de mi vida al facebook 	 o o o o o o b-caption i-caption i-caption i-caption i-caption i-caption o o
Facebook__	PostPictureWithCaption__	añade una foto con el título el mejor amigo perro a facebook 	 o o o o o o b-caption i-caption i-caption i-caption o o
Facebook__	PostPictureWithCaption__	añade una foto con el título con mi papá al facebook 	 o o o o o o b-caption i-caption i-caption o o
Facebook__	PostPictureWithUrl__	publica bit.ly/BFjbddV en facebook 	 o b-picture_url o o
Facebook__	PostPictureWithUrl__	publica www.tinyurl.com/4F2rp31 en el facebook 	 o b-picture_url o o o
Facebook__	PostPictureWithUrl__	pon bit.ly/S43aCEb en facebook 	 o b-picture_url o o
Facebook__	PostPictureWithUrl__	pon shorturl.at/JErSRQE en el facebook 	 o b-picture_url o o o
Facebook__	PostPictureWithUrl__	sube cutt.ly/eqzfmL0 a facebook 	 o b-picture_url o o
Facebook__	PostPictureWithUrl__	sube shorturl.at/1UPJJUw al facebook 	 o b-picture_url o o
Facebook__	PostPictureWithUrl__	añade cutt.ly/dHwnxca a facebook 	 o b-picture_url o o
Facebook__	PostPictureWithUrl__	añade www.tinyurl.com/RwsE4r1 al facebook 	 o b-picture_url o o
Facebook__	PostPictureWithUrlAndWithCaption__	publica www.tinyurl.com/vFizsaY en facebook con título con la loca te amo 	 o b-picture_url o o o o b-caption i-caption i-caption i-caption i-caption
Facebook__	PostPictureWithUrlAndWithCaption__	publica cutt.ly/YYTmd3U en facebook con un título te amo mi cariño 	 o b-picture_url o o o o o b-caption i-caption i-caption i-caption
Facebook__	PostPictureWithUrlAndWithCaption__	publica www.tinyurl.com/Ey7CIjr en facebook con el título el más importante de mi vida 	 o b-picture_url o o o o o b-caption i-caption i-caption i-caption i-caption i-caption
Facebook__	PostPictureWithUrlAndWithCaption__	publica shorturl.at/0Dd1vCP en facebook y dale título el mejor amigo perro 	 o b-picture_url o o o o o b-caption i-caption i-caption i-caption
Facebook__	PostPictureWithUrlAndWithCaption__	publica cutt.ly/Y4WwNtJ en facebook y dale un título con mi papá 	 o b-picture_url o o o o o o b-caption i-caption i-caption
Facebook__	PostPictureWithUrlAndWithCaption__	publica shorturl.at/m0ww65t en facebook y dale el título con la loca te amo 	 o b-picture_url o o o o o o b-caption i-caption i-caption i-caption i-caption
Facebook__	PostPictureWithUrlAndWithCaption__	publica cutt.ly/RSxdPMx en facebook y ponle título te amo mi cariño 	 o b-picture_url o o o o o b-caption i-caption i-caption i-caption
Facebook__	PostPictureWithUrlAndWithCaption__	publica bit.ly/NIAGyW3 en facebook y ponle un título el más importante de mi vida 	 o b-picture_url o o o o o o b-caption i-caption i-caption i-caption i-caption i-caption
Facebook__	PostPictureWithUrlAndWithCaption__	publica shorturl.at/C71eDmb en facebook y ponle el título el mejor amigo perro 	 o b-picture_url o o o o o o b-caption i-caption i-caption i-caption
Facebook__	PostPictureWithUrlAndWithCaption__	publica bit.ly/bjvfqqj en mi facebook con título con mi papá 	 o b-picture_url o o o o o b-caption i-caption i-caption
Facebook__	PostPictureWithUrlAndWithCaption__	publica bit.ly/5RTHNrw en mi facebook con un título con la loca te amo 	 o b-picture_url o o o o o o b-caption i-caption i-caption i-caption i-caption
Facebook__	PostPictureWithUrlAndWithCaption__	publica www.tinyurl.com/7wE53yt en mi facebook con el título te amo mi cariño 	 o b-picture_url o o o o o o b-caption i-caption i-caption i-caption
Facebook__	PostPictureWithUrlAndWithCaption__	publica bit.ly/6myaj8z en mi facebook y dale título el más importante de mi vida 	 o b-picture_url o o o o o o b-caption i-caption i-caption i-caption i-caption i-caption
Facebook__	PostPictureWithUrlAndWithCaption__	publica bit.ly/C4VaE3L en mi facebook y dale un título el mejor amigo perro 	 o b-picture_url o o o o o o o b-caption i-caption i-caption i-caption
Facebook__	PostPictureWithUrlAndWithCaption__	publica www.tinyurl.com/VhMxtrD en mi facebook y dale el título con mi papá 	 o b-picture_url o o o o o o o b-caption i-caption i-caption
Facebook__	PostPictureWithUrlAndWithCaption__	publica www.tinyurl.com/IgCQSvc en mi facebook y ponle título con la loca te amo 	 o b-picture_url o o o o o o b-caption i-caption i-caption i-caption i-caption
Facebook__	PostPictureWithUrlAndWithCaption__	publica cutt.ly/WsKzevf en mi facebook y ponle un título te amo mi cariño 	 o b-picture_url o o o o o o o b-caption i-caption i-caption i-caption
Facebook__	PostPictureWithUrlAndWithCaption__	publica www.tinyurl.com/vmkgtf9 en mi facebook y ponle el título el más importante de mi vida 	 o b-picture_url o o o o o o o b-caption i-caption i-caption i-caption i-caption i-caption
Facebook__	PostPictureWithUrlAndWithCaption__	pon cutt.ly/WNBpIAh en facebook con título el mejor amigo perro 	 o b-picture_url o o o o b-caption i-caption i-caption i-caption
Facebook__	PostPictureWithUrlAndWithCaption__	pon shorturl.at/B8SEzeV en facebook con un título con mi papá 	 o b-picture_url o o o o o b-caption i-caption i-caption
Facebook__	PostPictureWithUrlAndWithCaption__	pon bit.ly/wQ9fQMD en facebook con el título con la loca te amo 	 o b-picture_url o o o o o b-caption i-caption i-caption i-caption i-caption
Facebook__	PostPictureWithUrlAndWithCaption__	pon cutt.ly/PG2yIDH en facebook y dale título te amo mi cariño 	 o b-picture_url o o o o o b-caption i-caption i-caption i-caption
Facebook__	PostPictureWithUrlAndWithCaption__	pon www.tinyurl.com/XpboVrM en facebook y dale un título el más importante de mi vida 	 o b-picture_url o o o o o o b-caption i-caption i-caption i-caption i-caption i-caption
Facebook__	PostPictureWithUrlAndWithCaption__	pon cutt.ly/rqqCXFY en facebook y dale el título el mejor amigo perro 	 o b-picture_url o o o o o o b-caption i-caption i-caption i-caption
Facebook__	PostPictureWithUrlAndWithCaption__	pon shorturl.at/AzgP99H en facebook y ponle título con mi papá 	 o b-picture_url o o o o o b-caption i-caption i-caption
Facebook__	PostPictureWithUrlAndWithCaption__	pon www.tinyurl.com/vmkgtf9 en facebook y ponle un título con la loca te amo 	 o b-picture_url o o o o o o b-caption i-caption i-caption i-caption i-caption
Facebook__	PostPictureWithUrlAndWithCaption__	pon www.tinyurl.com/vmkgtf9 en facebook y ponle el título te amo mi cariño 	 o b-picture_url o o o o o o b-caption i-caption i-caption i-caption
Facebook__	PostPictureWithUrlAndWithCaption__	pon bit.ly/RJR0aqL en mi facebook con título el más importante de mi vida 	 o b-picture_url o o o o o b-caption i-caption i-caption i-caption i-caption i-caption
Facebook__	PostPictureWithUrlAndWithCaption__	pon shorturl.at/yPfbD37 en mi facebook con un título el mejor amigo perro 	 o b-picture_url o o o o o o b-caption i-caption i-caption i-caption
Facebook__	PostPictureWithUrlAndWithCaption__	pon www.tinyurl.com/mL2rbho en mi facebook con el título con mi papá 	 o b-picture_url o o o o o o b-caption i-caption i-caption
Facebook__	PostPictureWithUrlAndWithCaption__	pon shorturl.at/08KrLtq en mi facebook y dale título con la loca te amo 	 o b-picture_url o o o o o o b-caption i-caption i-caption i-caption i-caption
Facebook__	PostPictureWithUrlAndWithCaption__	pon bit.ly/cqtNpby en mi facebook y dale un título te amo mi cariño 	 o b-picture_url o o o o o o o b-caption i-caption i-caption i-caption
Facebook__	PostPictureWithUrlAndWithCaption__	pon shorturl.at/6L0RWEo en mi facebook y dale el título el más importante de mi vida 	 o b-picture_url o o o o o o o b-caption i-caption i-caption i-caption i-caption i-caption
Facebook__	PostPictureWithUrlAndWithCaption__	pon cutt.ly/gJpzL2R en mi facebook y ponle título el mejor amigo perro 	 o b-picture_url o o o o o o b-caption i-caption i-caption i-caption
Facebook__	PostPictureWithUrlAndWithCaption__	pon bit.ly/BFjbddV en mi facebook y ponle un título con mi papá 	 o b-picture_url o o o o o o o b-caption i-caption i-caption
Facebook__	PostPictureWithUrlAndWithCaption__	pon www.tinyurl.com/4F2rp31 en mi facebook y ponle el título con la loca te amo 	 o b-picture_url o o o o o o o b-caption i-caption i-caption i-caption i-caption
Facebook__	PostPictureWithUrlAndWithCaption__	titula bit.ly/S43aCEb como te amo mi cariño y pónlo en facebook 	 o b-picture_url o b-caption i-caption i-caption i-caption o o o o
Facebook__	PostPictureWithUrlAndWithCaption__	titula shorturl.at/JErSRQE como el más importante de mi vida y pónlo en el facebook 	 o b-picture_url o b-caption i-caption i-caption i-caption i-caption i-caption o o o o o
Facebook__	PostPictureWithUrlAndWithCaption__	titula cutt.ly/eqzfmL0 como el mejor amigo perro y públicalo en facebook 	 o b-picture_url o b-caption i-caption i-caption i-caption o o o o
Facebook__	PostPictureWithUrlAndWithCaption__	titula shorturl.at/1UPJJUw como con mi papá y públicalo en el facebook 	 o b-picture_url o b-caption i-caption i-caption o o o o o
Facebook__	PostPictureWithUrlAndWithCaption__	sube cutt.ly/dHwnxca a mi con un título con la loca te amo 	 o b-picture_url o o o o o b-caption i-caption i-caption i-caption i-caption
Facebook__	PostPictureWithUrlAndWithCaption__	sube www.tinyurl.com/RwsE4r1 a mi con el título te amo mi cariño 	 o b-picture_url o o o o o b-caption i-caption i-caption i-caption
Facebook__	PostPictureWithUrlAndWithCaption__	sube www.tinyurl.com/vFizsaY a mi y dale un título el más importante de mi vida 	 o b-picture_url o o o o o o b-caption i-caption i-caption i-caption i-caption i-caption
Facebook__	PostPictureWithUrlAndWithCaption__	sube cutt.ly/YYTmd3U a mi y dale el título el mejor amigo perro 	 o b-picture_url o o o o o o b-caption i-caption i-caption i-caption
Facebook__	PostPictureWithUrlAndWithCaption__	sube www.tinyurl.com/Ey7CIjr a mi y ponle un título con mi papá 	 o b-picture_url o o o o o o b-caption i-caption i-caption
Facebook__	PostPictureWithUrlAndWithCaption__	sube shorturl.at/0Dd1vCP a mi y ponle el título con la loca te amo 	 o b-picture_url o o o o o o b-caption i-caption i-caption i-caption i-caption
Facebook__	PostPictureWithUrlAndWithCaption__	sube cutt.ly/Y4WwNtJ al facebook con un título te amo mi cariño 	 o b-picture_url o o o o o b-caption i-caption i-caption i-caption
Facebook__	PostPictureWithUrlAndWithCaption__	sube shorturl.at/m0ww65t al facebook con el título el más importante de mi vida 	 o b-picture_url o o o o o b-caption i-caption i-caption i-caption i-caption i-caption
Facebook__	PostPictureWithUrlAndWithCaption__	sube cutt.ly/RSxdPMx al facebook y dale un título el mejor amigo perro 	 o b-picture_url o o o o o o b-caption i-caption i-caption i-caption
Facebook__	PostPictureWithUrlAndWithCaption__	sube bit.ly/NIAGyW3 al facebook y dale el título con mi papá 	 o b-picture_url o o o o o o b-caption i-caption i-caption
Facebook__	PostPictureWithUrlAndWithCaption__	sube shorturl.at/C71eDmb al facebook y ponle un título con la loca te amo 	 o b-picture_url o o o o o o b-caption i-caption i-caption i-caption i-caption
Facebook__	PostPictureWithUrlAndWithCaption__	sube bit.ly/bjvfqqj al facebook y ponle el título te amo mi cariño 	 o b-picture_url o o o o o o b-caption i-caption i-caption i-caption
Facebook__	PostPictureWithUrlAndWithCaption__	añade bit.ly/5RTHNrw a mi con un título el más importante de mi vida 	 o b-picture_url o o o o o b-caption i-caption i-caption i-caption i-caption i-caption
Facebook__	PostPictureWithUrlAndWithCaption__	añade www.tinyurl.com/7wE53yt a mi con el título el mejor amigo perro 	 o b-picture_url o o o o o b-caption i-caption i-caption i-caption
Facebook__	PostPictureWithUrlAndWithCaption__	añade bit.ly/6myaj8z a mi y dale un título con mi papá 	 o b-picture_url o o o o o o b-caption i-caption i-caption
Facebook__	PostPictureWithUrlAndWithCaption__	añade bit.ly/C4VaE3L a mi y dale el título con la loca te amo 	 o b-picture_url o o o o o o b-caption i-caption i-caption i-caption i-caption
Facebook__	PostPictureWithUrlAndWithCaption__	añade www.tinyurl.com/VhMxtrD a mi y ponle un título te amo mi cariño 	 o b-picture_url o o o o o o b-caption i-caption i-caption i-caption
Facebook__	PostPictureWithUrlAndWithCaption__	añade www.tinyurl.com/IgCQSvc a mi y ponle el título el más importante de mi vida 	 o b-picture_url o o o o o o b-caption i-caption i-caption i-caption i-caption i-caption
Facebook__	PostPictureWithUrlAndWithCaption__	añade cutt.ly/WsKzevf al facebook con un título el mejor amigo perro 	 o b-picture_url o o o o o b-caption i-caption i-caption i-caption
Facebook__	PostPictureWithUrlAndWithCaption__	añade www.tinyurl.com/vmkgtf9 al facebook con el título con mi papá 	 o b-picture_url o o o o o b-caption i-caption i-caption
Facebook__	PostPictureWithUrlAndWithCaption__	añade cutt.ly/WNBpIAh al facebook y dale un título con la loca te amo 	 o b-picture_url o o o o o o b-caption i-caption i-caption i-caption i-caption
Facebook__	PostPictureWithUrlAndWithCaption__	añade shorturl.at/B8SEzeV al facebook y dale el título te amo mi cariño 	 o b-picture_url o o o o o o b-caption i-caption i-caption i-caption
Facebook__	PostPictureWithUrlAndWithCaption__	añade bit.ly/wQ9fQMD al facebook y ponle un título el más importante de mi vida 	 o b-picture_url o o o o o o b-caption i-caption i-caption i-caption i-caption i-caption
Facebook__	PostPictureWithUrlAndWithCaption__	añade cutt.ly/PG2yIDH al facebook y ponle el título el mejor amigo perro 	 o b-picture_url o o o o o o b-caption i-caption i-caption i-caption
Facebook__	PostPictureWithUrlAndWithCaption__	titula www.tinyurl.com/XpboVrM como con mi papá y súbelo al facebook 	 o b-picture_url o b-caption i-caption i-caption o o o o
Facebook__	PostPictureWithUrlAndWithCaption__	titula cutt.ly/rqqCXFY como con la loca te amo y añádelo al facebook 	 o b-picture_url o b-caption i-caption i-caption i-caption i-caption o o o o
Facebook__	ShowAlbumWithName__	muestra imágenes en álbum vacaciones 	 o o o o b-album
Facebook__	ShowAlbumWithName__	muestra imágenes en álbum gatos en facebook 	 o o o o b-album o o
Facebook__	ShowAlbumWithName__	muestra imágenes en álbum memes en el facebook 	 o o o o b-album o o o
Facebook__	ShowAlbumWithName__	muestra imágenes en mi álbum vacaciones en jamaica 	 o o o o o b-album i-album i-album
Facebook__	ShowAlbumWithName__	muestra imágenes en mi álbum barcelona en facebook 	 o o o o o b-album o o
Facebook__	ShowAlbumWithName__	muestra imágenes en mi álbum mi amor en el facebook 	 o o o o o b-album i-album o o o
Facebook__	ShowAlbumWithName__	muestra imágenes de mi álbum vacaciones 	 o o o o o b-album
Facebook__	ShowAlbumWithName__	muestra imágenes de mi álbum gatos en facebook 	 o o o o o b-album o o
Facebook__	ShowAlbumWithName__	muestra imágenes de mi álbum memes en el facebook 	 o o o o o b-album o o o
Facebook__	ShowAlbumWithName__	muestra imágenes del álbum vacaciones en jamaica 	 o o o o b-album i-album i-album
Facebook__	ShowAlbumWithName__	muestra imágenes del álbum barcelona en facebook 	 o o o o b-album o o
Facebook__	ShowAlbumWithName__	muestra imágenes del álbum mi amor en el facebook 	 o o o o b-album i-album o o o
Facebook__	ShowAlbumWithName__	muestra fotos en álbum vacaciones 	 o o o o b-album
Facebook__	ShowAlbumWithName__	muestra fotos en álbum gatos en facebook 	 o o o o b-album o o
Facebook__	ShowAlbumWithName__	muestra fotos en álbum memes en el facebook 	 o o o o b-album o o o
Facebook__	ShowAlbumWithName__	muestra fotos en mi álbum vacaciones en jamaica 	 o o o o o b-album i-album i-album
Facebook__	ShowAlbumWithName__	muestra fotos en mi álbum barcelona en facebook 	 o o o o o b-album o o
Facebook__	ShowAlbumWithName__	muestra fotos en mi álbum mi amor en el facebook 	 o o o o o b-album i-album o o o
Facebook__	ShowAlbumWithName__	muestra fotos de mi álbum vacaciones 	 o o o o o b-album
Facebook__	ShowAlbumWithName__	muestra fotos de mi álbum gatos en facebook 	 o o o o o b-album o o
Facebook__	ShowAlbumWithName__	muestra fotos de mi álbum memes en el facebook 	 o o o o o b-album o o o
Facebook__	ShowAlbumWithName__	muestra fotos del álbum vacaciones en jamaica 	 o o o o b-album i-album i-album
Facebook__	ShowAlbumWithName__	muestra fotos del álbum barcelona en facebook 	 o o o o b-album o o
Facebook__	ShowAlbumWithName__	muestra fotos del álbum mi amor en el facebook 	 o o o o b-album i-album o o o
Facebook__	ShowAlbumWithName__	muéstrame imágenes en álbum vacaciones 	 o o o o b-album
Facebook__	ShowAlbumWithName__	muéstrame imágenes en álbum gatos en facebook 	 o o o o b-album o o
Facebook__	ShowAlbumWithName__	muéstrame imágenes en álbum memes en el facebook 	 o o o o b-album o o o
Facebook__	ShowAlbumWithName__	muéstrame imágenes en mi álbum vacaciones en jamaica 	 o o o o o b-album i-album i-album
Facebook__	ShowAlbumWithName__	muéstrame imágenes en mi álbum barcelona en facebook 	 o o o o o b-album o o
Facebook__	ShowAlbumWithName__	muéstrame imágenes en mi álbum mi amor en el facebook 	 o o o o o b-album i-album o o o
Facebook__	ShowAlbumWithName__	muéstrame imágenes de mi álbum vacaciones 	 o o o o o b-album
Facebook__	ShowAlbumWithName__	muéstrame imágenes de mi álbum gatos en facebook 	 o o o o o b-album o o
Facebook__	ShowAlbumWithName__	muéstrame imágenes de mi álbum memes en el facebook 	 o o o o o b-album o o o
Facebook__	ShowAlbumWithName__	muéstrame imágenes del álbum vacaciones en jamaica 	 o o o o b-album i-album i-album
Facebook__	ShowAlbumWithName__	muéstrame imágenes del álbum barcelona en facebook 	 o o o o b-album o o
Facebook__	ShowAlbumWithName__	muéstrame imágenes del álbum mi amor en el facebook 	 o o o o b-album i-album o o o
Facebook__	ShowAlbumWithName__	muéstrame fotos en álbum vacaciones 	 o o o o b-album
Facebook__	ShowAlbumWithName__	muéstrame fotos en álbum gatos en facebook 	 o o o o b-album o o
Facebook__	ShowAlbumWithName__	muéstrame fotos en álbum memes en el facebook 	 o o o o b-album o o o
Facebook__	ShowAlbumWithName__	muéstrame fotos en mi álbum vacaciones en jamaica 	 o o o o o b-album i-album i-album
Facebook__	ShowAlbumWithName__	muéstrame fotos en mi álbum barcelona en facebook 	 o o o o o b-album o o
Facebook__	ShowAlbumWithName__	muéstrame fotos en mi álbum mi amor en el facebook 	 o o o o o b-album i-album o o o
Facebook__	ShowAlbumWithName__	muéstrame fotos de mi álbum vacaciones 	 o o o o o b-album
Facebook__	ShowAlbumWithName__	muéstrame fotos de mi álbum gatos en facebook 	 o o o o o b-album o o
Facebook__	ShowAlbumWithName__	muéstrame fotos de mi álbum memes en el facebook 	 o o o o o b-album o o o
Facebook__	ShowAlbumWithName__	muéstrame fotos del álbum vacaciones en jamaica 	 o o o o b-album i-album i-album
Facebook__	ShowAlbumWithName__	muéstrame fotos del álbum barcelona en facebook 	 o o o o b-album o o
Facebook__	ShowAlbumWithName__	muéstrame fotos del álbum mi amor en el facebook 	 o o o o b-album i-album o o o
