Instagram__	OpenInstagram__	otwórz instagram 	 o o
Instagram__	OpenInstagram__	otwórz mój instagram 	 o o o
Instagram__	ShowPictures__	pokaż zdjęcia na instagramie 	 o o o o
Instagram__	ShowPictures__	pokaż ostatnie zdjęcia na instagramie 	 o o o o o
Instagram__	ShowPictures__	pokaż moje zdjęcia na instagramie 	 o o o o o
Instagram__	ShowPictures__	pokaż moje ostatnie zdjęcia na instagramie 	 o o o o o o
Instagram__	ShowPictures__	pokaż mi zdjęcia na instagramie 	 o o o o o
Instagram__	ShowPictures__	pokaż mi ostatnie zdjęcia na instagramie 	 o o o o o o
Instagram__	ShowPictures__	pokaż mi moje zdjęcia na instagramie 	 o o o o o o
Instagram__	ShowPictures__	pokaż mi moje ostatnie zdjęcia na instagramie 	 o o o o o o o
Instagram__	ShowPictures__	wyświetl zdjęcia na instagramie 	 o o o o
Instagram__	ShowPictures__	wyświetl ostatnie zdjęcia na instagramie 	 o o o o o
Instagram__	ShowPictures__	wyświetl moje zdjęcia na instagramie 	 o o o o o
Instagram__	ShowPictures__	wyświetl moje ostatnie zdjęcia na instagramie 	 o o o o o o
Instagram__	ShowPictures__	wyświetl mi zdjęcia na instagramie 	 o o o o o
Instagram__	ShowPictures__	wyświetl mi ostatnie zdjęcia na instagramie 	 o o o o o o
Instagram__	ShowPictures__	wyświetl mi moje zdjęcia na instagramie 	 o o o o o o
Instagram__	ShowPictures__	wyświetl mi moje ostatnie zdjęcia na instagramie 	 o o o o o o o
Instagram__	ShowPictures__	wylistuj zdjęcia na instagramie 	 o o o o
Instagram__	ShowPictures__	wylistuj ostatnie zdjęcia na instagramie 	 o o o o o
Instagram__	ShowPictures__	wylistuj moje zdjęcia na instagramie 	 o o o o o
Instagram__	ShowPictures__	wylistuj moje ostatnie zdjęcia na instagramie 	 o o o o o o
Instagram__	ShowPictures__	wylistuj mi zdjęcia na instagramie 	 o o o o o
Instagram__	ShowPictures__	wylistuj mi ostatnie zdjęcia na instagramie 	 o o o o o o
Instagram__	ShowPictures__	wylistuj mi moje zdjęcia na instagramie 	 o o o o o o
Instagram__	ShowPictures__	wylistuj mi moje ostatnie zdjęcia na instagramie 	 o o o o o o o
Instagram__	ShowPictures__	otwórz zdjęcia na instagramie 	 o o o o
Instagram__	ShowPictures__	otwórz ostatnie zdjęcia na instagramie 	 o o o o o
Instagram__	ShowPictures__	otwórz moje zdjęcia na instagramie 	 o o o o o
Instagram__	ShowPictures__	otwórz moje ostatnie zdjęcia na instagramie 	 o o o o o o
Instagram__	ShowPictures__	otwórz mi zdjęcia na instagramie 	 o o o o o
Instagram__	ShowPictures__	otwórz mi ostatnie zdjęcia na instagramie 	 o o o o o o
Instagram__	ShowPictures__	otwórz mi moje zdjęcia na instagramie 	 o o o o o o
Instagram__	ShowPictures__	otwórz mi moje ostatnie zdjęcia na instagramie 	 o o o o o o o
Instagram__	ShowLastNumberPictures__	pokaż ostatnie 2 zdjęć na instagramie 	 o o b-count o o o
Instagram__	ShowLastNumberPictures__	pokaż ostatnie 10 zdjęć na moim koncie na instagramie 	 o o b-count o o o o o o
Instagram__	ShowLastNumberPictures__	pokaż najnowsze 2 zdjęć na instagramie 	 o o b-count o o o
Instagram__	ShowLastNumberPictures__	pokaż najnowsze 10 zdjęć na moim koncie na instagramie 	 o o b-count o o o o o o
Instagram__	ShowLastNumberPictures__	pokaż moje ostatnie 2 zdjęć na instagramie 	 o o o b-count o o o
Instagram__	ShowLastNumberPictures__	pokaż moje ostatnie 10 zdjęć na moim koncie na instagramie 	 o o o b-count o o o o o o
Instagram__	ShowLastNumberPictures__	pokaż moje najnowsze 2 zdjęć na instagramie 	 o o o b-count o o o
Instagram__	ShowLastNumberPictures__	pokaż moje najnowsze 10 zdjęć na moim koncie na instagramie 	 o o o b-count o o o o o o
Instagram__	ShowLastNumberPictures__	pokaż mi ostatnie 2 zdjęć na instagramie 	 o o o b-count o o o
Instagram__	ShowLastNumberPictures__	pokaż mi ostatnie 10 zdjęć na moim koncie na instagramie 	 o o o b-count o o o o o o
Instagram__	ShowLastNumberPictures__	pokaż mi najnowsze 2 zdjęć na instagramie 	 o o o b-count o o o
Instagram__	ShowLastNumberPictures__	pokaż mi najnowsze 10 zdjęć na moim koncie na instagramie 	 o o o b-count o o o o o o
Instagram__	ShowLastNumberPictures__	pokaż mi moje ostatnie 2 zdjęć na instagramie 	 o o o o b-count o o o
Instagram__	ShowLastNumberPictures__	pokaż mi moje ostatnie 10 zdjęć na moim koncie na instagramie 	 o o o o b-count o o o o o o
Instagram__	ShowLastNumberPictures__	pokaż mi moje najnowsze 2 zdjęć na instagramie 	 o o o o b-count o o o
Instagram__	ShowLastNumberPictures__	pokaż mi moje najnowsze 10 zdjęć na moim koncie na instagramie 	 o o o o b-count o o o o o o
Instagram__	ShowLastNumberPictures__	wyświetl ostatnie 2 zdjęć na instagramie 	 o o b-count o o o
Instagram__	ShowLastNumberPictures__	wyświetl ostatnie 10 zdjęć na moim koncie na instagramie 	 o o b-count o o o o o o
Instagram__	ShowLastNumberPictures__	wyświetl najnowsze 2 zdjęć na instagramie 	 o o b-count o o o
Instagram__	ShowLastNumberPictures__	wyświetl najnowsze 10 zdjęć na moim koncie na instagramie 	 o o b-count o o o o o o
Instagram__	ShowLastNumberPictures__	wyświetl moje ostatnie 2 zdjęć na instagramie 	 o o o b-count o o o
Instagram__	ShowLastNumberPictures__	wyświetl moje ostatnie 10 zdjęć na moim koncie na instagramie 	 o o o b-count o o o o o o
Instagram__	ShowLastNumberPictures__	wyświetl moje najnowsze 2 zdjęć na instagramie 	 o o o b-count o o o
Instagram__	ShowLastNumberPictures__	wyświetl moje najnowsze 10 zdjęć na moim koncie na instagramie 	 o o o b-count o o o o o o
Instagram__	ShowLastNumberPictures__	wyświetl mi ostatnie 2 zdjęć na instagramie 	 o o o b-count o o o
Instagram__	ShowLastNumberPictures__	wyświetl mi ostatnie 10 zdjęć na moim koncie na instagramie 	 o o o b-count o o o o o o
Instagram__	ShowLastNumberPictures__	wyświetl mi najnowsze 2 zdjęć na instagramie 	 o o o b-count o o o
Instagram__	ShowLastNumberPictures__	wyświetl mi najnowsze 10 zdjęć na moim koncie na instagramie 	 o o o b-count o o o o o o
Instagram__	ShowLastNumberPictures__	wyświetl mi moje ostatnie 2 zdjęć na instagramie 	 o o o o b-count o o o
Instagram__	ShowLastNumberPictures__	wyświetl mi moje ostatnie 10 zdjęć na moim koncie na instagramie 	 o o o o b-count o o o o o o
Instagram__	ShowLastNumberPictures__	wyświetl mi moje najnowsze 2 zdjęć na instagramie 	 o o o o b-count o o o
Instagram__	ShowLastNumberPictures__	wyświetl mi moje najnowsze 10 zdjęć na moim koncie na instagramie 	 o o o o b-count o o o o o o
Instagram__	ShowLastNumberPictures__	wylistuj ostatnie 2 zdjęć na instagramie 	 o o b-count o o o
Instagram__	ShowLastNumberPictures__	wylistuj ostatnie 10 zdjęć na moim koncie na instagramie 	 o o b-count o o o o o o
Instagram__	ShowLastNumberPictures__	wylistuj najnowsze 2 zdjęć na instagramie 	 o o b-count o o o
Instagram__	ShowLastNumberPictures__	wylistuj najnowsze 10 zdjęć na moim koncie na instagramie 	 o o b-count o o o o o o
Instagram__	ShowLastNumberPictures__	wylistuj moje ostatnie 2 zdjęć na instagramie 	 o o o b-count o o o
Instagram__	ShowLastNumberPictures__	wylistuj moje ostatnie 10 zdjęć na moim koncie na instagramie 	 o o o b-count o o o o o o
Instagram__	ShowLastNumberPictures__	wylistuj moje najnowsze 2 zdjęć na instagramie 	 o o o b-count o o o
Instagram__	ShowLastNumberPictures__	wylistuj moje najnowsze 10 zdjęć na moim koncie na instagramie 	 o o o b-count o o o o o o
Instagram__	ShowLastNumberPictures__	wylistuj mi ostatnie 2 zdjęć na instagramie 	 o o o b-count o o o
Instagram__	ShowLastNumberPictures__	wylistuj mi ostatnie 10 zdjęć na moim koncie na instagramie 	 o o o b-count o o o o o o
Instagram__	ShowLastNumberPictures__	wylistuj mi najnowsze 2 zdjęć na instagramie 	 o o o b-count o o o
Instagram__	ShowLastNumberPictures__	wylistuj mi najnowsze 10 zdjęć na moim koncie na instagramie 	 o o o b-count o o o o o o
Instagram__	ShowLastNumberPictures__	wylistuj mi moje ostatnie 2 zdjęć na instagramie 	 o o o o b-count o o o
Instagram__	ShowLastNumberPictures__	wylistuj mi moje ostatnie 10 zdjęć na moim koncie na instagramie 	 o o o o b-count o o o o o o
Instagram__	ShowLastNumberPictures__	wylistuj mi moje najnowsze 2 zdjęć na instagramie 	 o o o o b-count o o o
Instagram__	ShowLastNumberPictures__	wylistuj mi moje najnowsze 10 zdjęć na moim koncie na instagramie 	 o o o o b-count o o o o o o
Instagram__	ShowLastNumberPictures__	otwórz ostatnie 2 zdjęć na instagramie 	 o o b-count o o o
Instagram__	ShowLastNumberPictures__	otwórz ostatnie 10 zdjęć na moim koncie na instagramie 	 o o b-count o o o o o o
Instagram__	ShowLastNumberPictures__	otwórz najnowsze 2 zdjęć na instagramie 	 o o b-count o o o
Instagram__	ShowLastNumberPictures__	otwórz najnowsze 10 zdjęć na moim koncie na instagramie 	 o o b-count o o o o o o
Instagram__	ShowLastNumberPictures__	otwórz moje ostatnie 2 zdjęć na instagramie 	 o o o b-count o o o
Instagram__	ShowLastNumberPictures__	otwórz moje ostatnie 10 zdjęć na moim koncie na instagramie 	 o o o b-count o o o o o o
Instagram__	ShowLastNumberPictures__	otwórz moje najnowsze 2 zdjęć na instagramie 	 o o o b-count o o o
Instagram__	ShowLastNumberPictures__	otwórz moje najnowsze 10 zdjęć na moim koncie na instagramie 	 o o o b-count o o o o o o
Instagram__	ShowLastNumberPictures__	otwórz mi ostatnie 2 zdjęć na instagramie 	 o o o b-count o o o
Instagram__	ShowLastNumberPictures__	otwórz mi ostatnie 10 zdjęć na moim koncie na instagramie 	 o o o b-count o o o o o o
Instagram__	ShowLastNumberPictures__	otwórz mi najnowsze 2 zdjęć na instagramie 	 o o o b-count o o o
Instagram__	ShowLastNumberPictures__	otwórz mi najnowsze 10 zdjęć na moim koncie na instagramie 	 o o o b-count o o o o o o
Instagram__	ShowLastNumberPictures__	otwórz mi moje ostatnie 2 zdjęć na instagramie 	 o o o o b-count o o o
Instagram__	ShowLastNumberPictures__	otwórz mi moje ostatnie 10 zdjęć na moim koncie na instagramie 	 o o o o b-count o o o o o o
Instagram__	ShowLastNumberPictures__	otwórz mi moje najnowsze 2 zdjęć na instagramie 	 o o o o b-count o o o
Instagram__	ShowLastNumberPictures__	otwórz mi moje najnowsze 10 zdjęć na moim koncie na instagramie 	 o o o o b-count o o o o o o
Instagram__	ShowPicturesWithFilter__	pokaż zdjęcia na instagramie z filtrem lark 	 o o o o o o b-filter
Instagram__	ShowPicturesWithFilter__	pokaż zdjęcia na instagramie które mają filtr juno 	 o o o o o o o b-filter
Instagram__	ShowPicturesWithFilter__	pokaż zdjęcia na instagramie które używają filtra sierra 	 o o o o o o o b-filter
Instagram__	ShowPicturesWithFilter__	pokaż zdjęcia na instagramie do których dodałem filtr valencia 	 o o o o o o o o b-filter
Instagram__	ShowPicturesWithFilter__	pokaż zdjęcia na instagramie do których dodałam filtr clarendon 	 o o o o o o o o b-filter
Instagram__	ShowPicturesWithFilter__	pokaż zdjęcia na instagramie gdzie dodałem filtr gingham 	 o o o o o o o b-filter
Instagram__	ShowPicturesWithFilter__	pokaż zdjęcia na instagramie gdzie dodałam filtr crema 	 o o o o o o o b-filter
Instagram__	ShowPicturesWithFilter__	pokaż moje zdjęcia na instagramie z filtrem aden 	 o o o o o o o b-filter
Instagram__	ShowPicturesWithFilter__	pokaż moje zdjęcia na instagramie które mają filtr lark 	 o o o o o o o o b-filter
Instagram__	ShowPicturesWithFilter__	pokaż moje zdjęcia na instagramie które używają filtra juno 	 o o o o o o o o b-filter
Instagram__	ShowPicturesWithFilter__	pokaż moje zdjęcia na instagramie do których dodałem filtr sierra 	 o o o o o o o o o b-filter
Instagram__	ShowPicturesWithFilter__	pokaż moje zdjęcia na instagramie do których dodałam filtr valencia 	 o o o o o o o o o b-filter
Instagram__	ShowPicturesWithFilter__	pokaż moje zdjęcia na instagramie gdzie dodałem filtr clarendon 	 o o o o o o o o b-filter
Instagram__	ShowPicturesWithFilter__	pokaż moje zdjęcia na instagramie gdzie dodałam filtr gingham 	 o o o o o o o o b-filter
Instagram__	ShowPicturesWithFilter__	pokaż mi zdjęcia na instagramie z filtrem crema 	 o o o o o o o b-filter
Instagram__	ShowPicturesWithFilter__	pokaż mi zdjęcia na instagramie które mają filtr aden 	 o o o o o o o o b-filter
Instagram__	ShowPicturesWithFilter__	pokaż mi zdjęcia na instagramie które używają filtra lark 	 o o o o o o o o b-filter
Instagram__	ShowPicturesWithFilter__	pokaż mi zdjęcia na instagramie do których dodałem filtr juno 	 o o o o o o o o o b-filter
Instagram__	ShowPicturesWithFilter__	pokaż mi zdjęcia na instagramie do których dodałam filtr sierra 	 o o o o o o o o o b-filter
Instagram__	ShowPicturesWithFilter__	pokaż mi zdjęcia na instagramie gdzie dodałem filtr valencia 	 o o o o o o o o b-filter
Instagram__	ShowPicturesWithFilter__	pokaż mi zdjęcia na instagramie gdzie dodałam filtr clarendon 	 o o o o o o o o b-filter
Instagram__	ShowPicturesWithFilter__	pokaż mi moje zdjęcia na instagramie z filtrem gingham 	 o o o o o o o o b-filter
Instagram__	ShowPicturesWithFilter__	pokaż mi moje zdjęcia na instagramie które mają filtr crema 	 o o o o o o o o o b-filter
Instagram__	ShowPicturesWithFilter__	pokaż mi moje zdjęcia na instagramie które używają filtra aden 	 o o o o o o o o o b-filter
Instagram__	ShowPicturesWithFilter__	pokaż mi moje zdjęcia na instagramie do których dodałem filtr lark 	 o o o o o o o o o o b-filter
Instagram__	ShowPicturesWithFilter__	pokaż mi moje zdjęcia na instagramie do których dodałam filtr juno 	 o o o o o o o o o o b-filter
Instagram__	ShowPicturesWithFilter__	pokaż mi moje zdjęcia na instagramie gdzie dodałem filtr sierra 	 o o o o o o o o o b-filter
Instagram__	ShowPicturesWithFilter__	pokaż mi moje zdjęcia na instagramie gdzie dodałam filtr valencia 	 o o o o o o o o o b-filter
Instagram__	ShowPicturesWithFilter__	wyświetl zdjęcia na instagramie z filtrem clarendon 	 o o o o o o b-filter
Instagram__	ShowPicturesWithFilter__	wyświetl zdjęcia na instagramie które mają filtr gingham 	 o o o o o o o b-filter
Instagram__	ShowPicturesWithFilter__	wyświetl zdjęcia na instagramie które używają filtra crema 	 o o o o o o o b-filter
Instagram__	ShowPicturesWithFilter__	wyświetl zdjęcia na instagramie do których dodałem filtr aden 	 o o o o o o o o b-filter
Instagram__	ShowPicturesWithFilter__	wyświetl zdjęcia na instagramie do których dodałam filtr lark 	 o o o o o o o o b-filter
Instagram__	ShowPicturesWithFilter__	wyświetl zdjęcia na instagramie gdzie dodałem filtr juno 	 o o o o o o o b-filter
Instagram__	ShowPicturesWithFilter__	wyświetl zdjęcia na instagramie gdzie dodałam filtr sierra 	 o o o o o o o b-filter
Instagram__	ShowPicturesWithFilter__	wyświetl moje zdjęcia na instagramie z filtrem valencia 	 o o o o o o o b-filter
Instagram__	ShowPicturesWithFilter__	wyświetl moje zdjęcia na instagramie które mają filtr clarendon 	 o o o o o o o o b-filter
Instagram__	ShowPicturesWithFilter__	wyświetl moje zdjęcia na instagramie które używają filtra gingham 	 o o o o o o o o b-filter
Instagram__	ShowPicturesWithFilter__	wyświetl moje zdjęcia na instagramie do których dodałem filtr crema 	 o o o o o o o o o b-filter
Instagram__	ShowPicturesWithFilter__	wyświetl moje zdjęcia na instagramie do których dodałam filtr aden 	 o o o o o o o o o b-filter
Instagram__	ShowPicturesWithFilter__	wyświetl moje zdjęcia na instagramie gdzie dodałem filtr lark 	 o o o o o o o o b-filter
Instagram__	ShowPicturesWithFilter__	wyświetl moje zdjęcia na instagramie gdzie dodałam filtr juno 	 o o o o o o o o b-filter
Instagram__	ShowPicturesWithFilter__	wyświetl mi zdjęcia na instagramie z filtrem sierra 	 o o o o o o o b-filter
Instagram__	ShowPicturesWithFilter__	wyświetl mi zdjęcia na instagramie które mają filtr valencia 	 o o o o o o o o b-filter
Instagram__	ShowPicturesWithFilter__	wyświetl mi zdjęcia na instagramie które używają filtra clarendon 	 o o o o o o o o b-filter
Instagram__	ShowPicturesWithFilter__	wyświetl mi zdjęcia na instagramie do których dodałem filtr gingham 	 o o o o o o o o o b-filter
Instagram__	ShowPicturesWithFilter__	wyświetl mi zdjęcia na instagramie do których dodałam filtr crema 	 o o o o o o o o o b-filter
Instagram__	ShowPicturesWithFilter__	wyświetl mi zdjęcia na instagramie gdzie dodałem filtr aden 	 o o o o o o o o b-filter
Instagram__	ShowPicturesWithFilter__	wyświetl mi zdjęcia na instagramie gdzie dodałam filtr lark 	 o o o o o o o o b-filter
Instagram__	ShowPicturesWithFilter__	wyświetl mi moje zdjęcia na instagramie z filtrem juno 	 o o o o o o o o b-filter
Instagram__	ShowPicturesWithFilter__	wyświetl mi moje zdjęcia na instagramie które mają filtr sierra 	 o o o o o o o o o b-filter
Instagram__	ShowPicturesWithFilter__	wyświetl mi moje zdjęcia na instagramie które używają filtra valencia 	 o o o o o o o o o b-filter
Instagram__	ShowPicturesWithFilter__	wyświetl mi moje zdjęcia na instagramie do których dodałem filtr clarendon 	 o o o o o o o o o o b-filter
Instagram__	ShowPicturesWithFilter__	wyświetl mi moje zdjęcia na instagramie do których dodałam filtr gingham 	 o o o o o o o o o o b-filter
Instagram__	ShowPicturesWithFilter__	wyświetl mi moje zdjęcia na instagramie gdzie dodałem filtr crema 	 o o o o o o o o o b-filter
Instagram__	ShowPicturesWithFilter__	wyświetl mi moje zdjęcia na instagramie gdzie dodałam filtr aden 	 o o o o o o o o o b-filter
Instagram__	ShowPicturesWithFilter__	wylistuj zdjęcia na instagramie z filtrem lark 	 o o o o o o b-filter
Instagram__	ShowPicturesWithFilter__	wylistuj zdjęcia na instagramie które mają filtr juno 	 o o o o o o o b-filter
Instagram__	ShowPicturesWithFilter__	wylistuj zdjęcia na instagramie które używają filtra sierra 	 o o o o o o o b-filter
Instagram__	ShowPicturesWithFilter__	wylistuj zdjęcia na instagramie do których dodałem filtr valencia 	 o o o o o o o o b-filter
Instagram__	ShowPicturesWithFilter__	wylistuj zdjęcia na instagramie do których dodałam filtr clarendon 	 o o o o o o o o b-filter
Instagram__	ShowPicturesWithFilter__	wylistuj zdjęcia na instagramie gdzie dodałem filtr gingham 	 o o o o o o o b-filter
Instagram__	ShowPicturesWithFilter__	wylistuj zdjęcia na instagramie gdzie dodałam filtr crema 	 o o o o o o o b-filter
Instagram__	ShowPicturesWithFilter__	wylistuj moje zdjęcia na instagramie z filtrem aden 	 o o o o o o o b-filter
Instagram__	ShowPicturesWithFilter__	wylistuj moje zdjęcia na instagramie które mają filtr lark 	 o o o o o o o o b-filter
Instagram__	ShowPicturesWithFilter__	wylistuj moje zdjęcia na instagramie które używają filtra juno 	 o o o o o o o o b-filter
Instagram__	ShowPicturesWithFilter__	wylistuj moje zdjęcia na instagramie do których dodałem filtr sierra 	 o o o o o o o o o b-filter
Instagram__	ShowPicturesWithFilter__	wylistuj moje zdjęcia na instagramie do których dodałam filtr valencia 	 o o o o o o o o o b-filter
Instagram__	ShowPicturesWithFilter__	wylistuj moje zdjęcia na instagramie gdzie dodałem filtr clarendon 	 o o o o o o o o b-filter
Instagram__	ShowPicturesWithFilter__	wylistuj moje zdjęcia na instagramie gdzie dodałam filtr gingham 	 o o o o o o o o b-filter
Instagram__	ShowPicturesWithFilter__	wylistuj mi zdjęcia na instagramie z filtrem crema 	 o o o o o o o b-filter
Instagram__	ShowPicturesWithFilter__	wylistuj mi zdjęcia na instagramie które mają filtr aden 	 o o o o o o o o b-filter
Instagram__	ShowPicturesWithFilter__	wylistuj mi zdjęcia na instagramie które używają filtra lark 	 o o o o o o o o b-filter
Instagram__	ShowPicturesWithFilter__	wylistuj mi zdjęcia na instagramie do których dodałem filtr juno 	 o o o o o o o o o b-filter
Instagram__	ShowPicturesWithFilter__	wylistuj mi zdjęcia na instagramie do których dodałam filtr sierra 	 o o o o o o o o o b-filter
Instagram__	ShowPicturesWithFilter__	wylistuj mi zdjęcia na instagramie gdzie dodałem filtr valencia 	 o o o o o o o o b-filter
Instagram__	ShowPicturesWithFilter__	wylistuj mi zdjęcia na instagramie gdzie dodałam filtr clarendon 	 o o o o o o o o b-filter
Instagram__	ShowPicturesWithFilter__	wylistuj mi moje zdjęcia na instagramie z filtrem gingham 	 o o o o o o o o b-filter
Instagram__	ShowPicturesWithFilter__	wylistuj mi moje zdjęcia na instagramie które mają filtr crema 	 o o o o o o o o o b-filter
Instagram__	ShowPicturesWithFilter__	wylistuj mi moje zdjęcia na instagramie które używają filtra aden 	 o o o o o o o o o b-filter
Instagram__	ShowPicturesWithFilter__	wylistuj mi moje zdjęcia na instagramie do których dodałem filtr lark 	 o o o o o o o o o o b-filter
Instagram__	ShowPicturesWithFilter__	wylistuj mi moje zdjęcia na instagramie do których dodałam filtr juno 	 o o o o o o o o o o b-filter
Instagram__	ShowPicturesWithFilter__	wylistuj mi moje zdjęcia na instagramie gdzie dodałem filtr sierra 	 o o o o o o o o o b-filter
Instagram__	ShowPicturesWithFilter__	wylistuj mi moje zdjęcia na instagramie gdzie dodałam filtr valencia 	 o o o o o o o o o b-filter
Instagram__	ShowPicturesWithFilter__	otwórz zdjęcia na instagramie z filtrem clarendon 	 o o o o o o b-filter
Instagram__	ShowPicturesWithFilter__	otwórz zdjęcia na instagramie które mają filtr gingham 	 o o o o o o o b-filter
Instagram__	ShowPicturesWithFilter__	otwórz zdjęcia na instagramie które używają filtra crema 	 o o o o o o o b-filter
Instagram__	ShowPicturesWithFilter__	otwórz zdjęcia na instagramie do których dodałem filtr aden 	 o o o o o o o o b-filter
Instagram__	ShowPicturesWithFilter__	otwórz zdjęcia na instagramie do których dodałam filtr lark 	 o o o o o o o o b-filter
Instagram__	ShowPicturesWithFilter__	otwórz zdjęcia na instagramie gdzie dodałem filtr juno 	 o o o o o o o b-filter
Instagram__	ShowPicturesWithFilter__	otwórz zdjęcia na instagramie gdzie dodałam filtr sierra 	 o o o o o o o b-filter
Instagram__	ShowPicturesWithFilter__	otwórz moje zdjęcia na instagramie z filtrem valencia 	 o o o o o o o b-filter
Instagram__	ShowPicturesWithFilter__	otwórz moje zdjęcia na instagramie które mają filtr clarendon 	 o o o o o o o o b-filter
Instagram__	ShowPicturesWithFilter__	otwórz moje zdjęcia na instagramie które używają filtra gingham 	 o o o o o o o o b-filter
Instagram__	ShowPicturesWithFilter__	otwórz moje zdjęcia na instagramie do których dodałem filtr crema 	 o o o o o o o o o b-filter
Instagram__	ShowPicturesWithFilter__	otwórz moje zdjęcia na instagramie do których dodałam filtr aden 	 o o o o o o o o o b-filter
Instagram__	ShowPicturesWithFilter__	otwórz moje zdjęcia na instagramie gdzie dodałem filtr lark 	 o o o o o o o o b-filter
Instagram__	ShowPicturesWithFilter__	otwórz moje zdjęcia na instagramie gdzie dodałam filtr juno 	 o o o o o o o o b-filter
Instagram__	ShowPicturesWithFilter__	otwórz mi zdjęcia na instagramie z filtrem sierra 	 o o o o o o o b-filter
Instagram__	ShowPicturesWithFilter__	otwórz mi zdjęcia na instagramie które mają filtr valencia 	 o o o o o o o o b-filter
Instagram__	ShowPicturesWithFilter__	otwórz mi zdjęcia na instagramie które używają filtra clarendon 	 o o o o o o o o b-filter
Instagram__	ShowPicturesWithFilter__	otwórz mi zdjęcia na instagramie do których dodałem filtr gingham 	 o o o o o o o o o b-filter
Instagram__	ShowPicturesWithFilter__	otwórz mi zdjęcia na instagramie do których dodałam filtr crema 	 o o o o o o o o o b-filter
Instagram__	ShowPicturesWithFilter__	otwórz mi zdjęcia na instagramie gdzie dodałem filtr aden 	 o o o o o o o o b-filter
Instagram__	ShowPicturesWithFilter__	otwórz mi zdjęcia na instagramie gdzie dodałam filtr lark 	 o o o o o o o o b-filter
Instagram__	ShowPicturesWithFilter__	otwórz mi moje zdjęcia na instagramie z filtrem juno 	 o o o o o o o o b-filter
Instagram__	ShowPicturesWithFilter__	otwórz mi moje zdjęcia na instagramie które mają filtr sierra 	 o o o o o o o o o b-filter
Instagram__	ShowPicturesWithFilter__	otwórz mi moje zdjęcia na instagramie które używają filtra valencia 	 o o o o o o o o o b-filter
Instagram__	ShowPicturesWithFilter__	otwórz mi moje zdjęcia na instagramie do których dodałem filtr clarendon 	 o o o o o o o o o o b-filter
Instagram__	ShowPicturesWithFilter__	otwórz mi moje zdjęcia na instagramie do których dodałam filtr gingham 	 o o o o o o o o o o b-filter
Instagram__	ShowPicturesWithFilter__	otwórz mi moje zdjęcia na instagramie gdzie dodałem filtr crema 	 o o o o o o o o o b-filter
Instagram__	ShowPicturesWithFilter__	otwórz mi moje zdjęcia na instagramie gdzie dodałam filtr aden 	 o o o o o o o o o b-filter
Instagram__	ShowPicturesWithLocation__	pokaż zdjęcia na instagramie które zrobiłem w berlin 	 o o o o o o o b-location
Instagram__	ShowPicturesWithLocation__	pokaż zdjęcia na instagramie które zrobiłem gdy byłem w new york 	 o o o o o o o o o b-location i-location
Instagram__	ShowPicturesWithLocation__	pokaż zdjęcia na instagramie które zrobiłem kiedy byłem w paris 	 o o o o o o o o o b-location
Instagram__	ShowPicturesWithLocation__	pokaż zdjęcia na instagramie które zrobiłam w london 	 o o o o o o o b-location
Instagram__	ShowPicturesWithLocation__	pokaż zdjęcia na instagramie które zrobiłam gdy byłam w berlin 	 o o o o o o o o o b-location
Instagram__	ShowPicturesWithLocation__	pokaż zdjęcia na instagramie które zrobiłam kiedy byłam w new york 	 o o o o o o o o o b-location i-location
Instagram__	ShowPicturesWithLocation__	pokaż zdjęcia na instagramie oznaczone lokalizacją w paris 	 o o o o o o o b-location
Instagram__	ShowPicturesWithLocation__	pokaż zdjęcia na instagramie oznaczone tagiem lokalizacji w london 	 o o o o o o o o b-location
Instagram__	ShowPicturesWithLocation__	pokaż zdjęcia na instagramie w których lokalizacja ustawiony jest w berlin 	 o o o o o o o o o o b-location
Instagram__	ShowPicturesWithLocation__	pokaż zdjęcia na instagramie w których geolokalizacja ustawiony jest w new york 	 o o o o o o o o o o b-location i-location
Instagram__	ShowPicturesWithLocation__	pokaż zdjęcia na instagramie w których gps ustawiony jest w paris 	 o o o o o o o o o o b-location
Instagram__	ShowPicturesWithLocation__	pokaż moje zdjęcia na instagramie które zrobiłem w london 	 o o o o o o o o b-location
Instagram__	ShowPicturesWithLocation__	pokaż moje zdjęcia na instagramie które zrobiłem gdy byłem w berlin 	 o o o o o o o o o o b-location
Instagram__	ShowPicturesWithLocation__	pokaż moje zdjęcia na instagramie które zrobiłem kiedy byłem w new york 	 o o o o o o o o o o b-location i-location
Instagram__	ShowPicturesWithLocation__	pokaż moje zdjęcia na instagramie które zrobiłam w paris 	 o o o o o o o o b-location
Instagram__	ShowPicturesWithLocation__	pokaż moje zdjęcia na instagramie które zrobiłam gdy byłam w london 	 o o o o o o o o o o b-location
Instagram__	ShowPicturesWithLocation__	pokaż moje zdjęcia na instagramie które zrobiłam kiedy byłam w berlin 	 o o o o o o o o o o b-location
Instagram__	ShowPicturesWithLocation__	pokaż moje zdjęcia na instagramie oznaczone lokalizacją w new york 	 o o o o o o o o b-location i-location
Instagram__	ShowPicturesWithLocation__	pokaż moje zdjęcia na instagramie oznaczone tagiem lokalizacji w paris 	 o o o o o o o o o b-location
Instagram__	ShowPicturesWithLocation__	pokaż moje zdjęcia na instagramie w których lokalizacja ustawiony jest w london 	 o o o o o o o o o o o b-location
Instagram__	ShowPicturesWithLocation__	pokaż moje zdjęcia na instagramie w których geolokalizacja ustawiony jest w berlin 	 o o o o o o o o o o o b-location
Instagram__	ShowPicturesWithLocation__	pokaż moje zdjęcia na instagramie w których gps ustawiony jest w new york 	 o o o o o o o o o o o b-location i-location
Instagram__	ShowPicturesWithLocation__	pokaż mi zdjęcia na instagramie które zrobiłem w paris 	 o o o o o o o o b-location
Instagram__	ShowPicturesWithLocation__	pokaż mi zdjęcia na instagramie które zrobiłem gdy byłem w london 	 o o o o o o o o o o b-location
Instagram__	ShowPicturesWithLocation__	pokaż mi zdjęcia na instagramie które zrobiłem kiedy byłem w berlin 	 o o o o o o o o o o b-location
Instagram__	ShowPicturesWithLocation__	pokaż mi zdjęcia na instagramie które zrobiłam w new york 	 o o o o o o o o b-location i-location
Instagram__	ShowPicturesWithLocation__	pokaż mi zdjęcia na instagramie które zrobiłam gdy byłam w paris 	 o o o o o o o o o o b-location
Instagram__	ShowPicturesWithLocation__	pokaż mi zdjęcia na instagramie które zrobiłam kiedy byłam w london 	 o o o o o o o o o o b-location
Instagram__	ShowPicturesWithLocation__	pokaż mi zdjęcia na instagramie oznaczone lokalizacją w berlin 	 o o o o o o o o b-location
Instagram__	ShowPicturesWithLocation__	pokaż mi zdjęcia na instagramie oznaczone tagiem lokalizacji w new york 	 o o o o o o o o o b-location i-location
Instagram__	ShowPicturesWithLocation__	pokaż mi zdjęcia na instagramie w których lokalizacja ustawiony jest w paris 	 o o o o o o o o o o o b-location
Instagram__	ShowPicturesWithLocation__	pokaż mi zdjęcia na instagramie w których geolokalizacja ustawiony jest w london 	 o o o o o o o o o o o b-location
Instagram__	ShowPicturesWithLocation__	pokaż mi zdjęcia na instagramie w których gps ustawiony jest w berlin 	 o o o o o o o o o o o b-location
Instagram__	ShowPicturesWithLocation__	pokaż mi moje zdjęcia na instagramie które zrobiłem w new york 	 o o o o o o o o o b-location i-location
Instagram__	ShowPicturesWithLocation__	pokaż mi moje zdjęcia na instagramie które zrobiłem gdy byłem w paris 	 o o o o o o o o o o o b-location
Instagram__	ShowPicturesWithLocation__	pokaż mi moje zdjęcia na instagramie które zrobiłem kiedy byłem w london 	 o o o o o o o o o o o b-location
Instagram__	ShowPicturesWithLocation__	pokaż mi moje zdjęcia na instagramie które zrobiłam w berlin 	 o o o o o o o o o b-location
Instagram__	ShowPicturesWithLocation__	pokaż mi moje zdjęcia na instagramie które zrobiłam gdy byłam w new york 	 o o o o o o o o o o o b-location i-location
Instagram__	ShowPicturesWithLocation__	pokaż mi moje zdjęcia na instagramie które zrobiłam kiedy byłam w paris 	 o o o o o o o o o o o b-location
Instagram__	ShowPicturesWithLocation__	pokaż mi moje zdjęcia na instagramie oznaczone lokalizacją w london 	 o o o o o o o o o b-location
Instagram__	ShowPicturesWithLocation__	pokaż mi moje zdjęcia na instagramie oznaczone tagiem lokalizacji w berlin 	 o o o o o o o o o o b-location
Instagram__	ShowPicturesWithLocation__	pokaż mi moje zdjęcia na instagramie w których lokalizacja ustawiony jest w new york 	 o o o o o o o o o o o o b-location i-location
Instagram__	ShowPicturesWithLocation__	pokaż mi moje zdjęcia na instagramie w których geolokalizacja ustawiony jest w paris 	 o o o o o o o o o o o o b-location
Instagram__	ShowPicturesWithLocation__	pokaż mi moje zdjęcia na instagramie w których gps ustawiony jest w london 	 o o o o o o o o o o o o b-location
Instagram__	ShowPicturesWithLocation__	wyświetl zdjęcia na instagramie które zrobiłem w berlin 	 o o o o o o o b-location
Instagram__	ShowPicturesWithLocation__	wyświetl zdjęcia na instagramie które zrobiłem gdy byłem w new york 	 o o o o o o o o o b-location i-location
Instagram__	ShowPicturesWithLocation__	wyświetl zdjęcia na instagramie które zrobiłem kiedy byłem w paris 	 o o o o o o o o o b-location
Instagram__	ShowPicturesWithLocation__	wyświetl zdjęcia na instagramie które zrobiłam w london 	 o o o o o o o b-location
Instagram__	ShowPicturesWithLocation__	wyświetl zdjęcia na instagramie które zrobiłam gdy byłam w berlin 	 o o o o o o o o o b-location
Instagram__	ShowPicturesWithLocation__	wyświetl zdjęcia na instagramie które zrobiłam kiedy byłam w new york 	 o o o o o o o o o b-location i-location
Instagram__	ShowPicturesWithLocation__	wyświetl zdjęcia na instagramie oznaczone lokalizacją w paris 	 o o o o o o o b-location
Instagram__	ShowPicturesWithLocation__	wyświetl zdjęcia na instagramie oznaczone tagiem lokalizacji w london 	 o o o o o o o o b-location
Instagram__	ShowPicturesWithLocation__	wyświetl zdjęcia na instagramie w których lokalizacja ustawiony jest w berlin 	 o o o o o o o o o o b-location
Instagram__	ShowPicturesWithLocation__	wyświetl zdjęcia na instagramie w których geolokalizacja ustawiony jest w new york 	 o o o o o o o o o o b-location i-location
Instagram__	ShowPicturesWithLocation__	wyświetl zdjęcia na instagramie w których gps ustawiony jest w paris 	 o o o o o o o o o o b-location
Instagram__	ShowPicturesWithLocation__	wyświetl moje zdjęcia na instagramie które zrobiłem w london 	 o o o o o o o o b-location
Instagram__	ShowPicturesWithLocation__	wyświetl moje zdjęcia na instagramie które zrobiłem gdy byłem w berlin 	 o o o o o o o o o o b-location
Instagram__	ShowPicturesWithLocation__	wyświetl moje zdjęcia na instagramie które zrobiłem kiedy byłem w new york 	 o o o o o o o o o o b-location i-location
Instagram__	ShowPicturesWithLocation__	wyświetl moje zdjęcia na instagramie które zrobiłam w paris 	 o o o o o o o o b-location
Instagram__	ShowPicturesWithLocation__	wyświetl moje zdjęcia na instagramie które zrobiłam gdy byłam w london 	 o o o o o o o o o o b-location
Instagram__	ShowPicturesWithLocation__	wyświetl moje zdjęcia na instagramie które zrobiłam kiedy byłam w berlin 	 o o o o o o o o o o b-location
Instagram__	ShowPicturesWithLocation__	wyświetl moje zdjęcia na instagramie oznaczone lokalizacją w new york 	 o o o o o o o o b-location i-location
Instagram__	ShowPicturesWithLocation__	wyświetl moje zdjęcia na instagramie oznaczone tagiem lokalizacji w paris 	 o o o o o o o o o b-location
Instagram__	ShowPicturesWithLocation__	wyświetl moje zdjęcia na instagramie w których lokalizacja ustawiony jest w london 	 o o o o o o o o o o o b-location
Instagram__	ShowPicturesWithLocation__	wyświetl moje zdjęcia na instagramie w których geolokalizacja ustawiony jest w berlin 	 o o o o o o o o o o o b-location
Instagram__	ShowPicturesWithLocation__	wyświetl moje zdjęcia na instagramie w których gps ustawiony jest w new york 	 o o o o o o o o o o o b-location i-location
Instagram__	ShowPicturesWithLocation__	wyświetl mi zdjęcia na instagramie które zrobiłem w paris 	 o o o o o o o o b-location
Instagram__	ShowPicturesWithLocation__	wyświetl mi zdjęcia na instagramie które zrobiłem gdy byłem w london 	 o o o o o o o o o o b-location
Instagram__	ShowPicturesWithLocation__	wyświetl mi zdjęcia na instagramie które zrobiłem kiedy byłem w berlin 	 o o o o o o o o o o b-location
Instagram__	ShowPicturesWithLocation__	wyświetl mi zdjęcia na instagramie które zrobiłam w new york 	 o o o o o o o o b-location i-location
Instagram__	ShowPicturesWithLocation__	wyświetl mi zdjęcia na instagramie które zrobiłam gdy byłam w paris 	 o o o o o o o o o o b-location
Instagram__	ShowPicturesWithLocation__	wyświetl mi zdjęcia na instagramie które zrobiłam kiedy byłam w london 	 o o o o o o o o o o b-location
Instagram__	ShowPicturesWithLocation__	wyświetl mi zdjęcia na instagramie oznaczone lokalizacją w berlin 	 o o o o o o o o b-location
Instagram__	ShowPicturesWithLocation__	wyświetl mi zdjęcia na instagramie oznaczone tagiem lokalizacji w new york 	 o o o o o o o o o b-location i-location
Instagram__	ShowPicturesWithLocation__	wyświetl mi zdjęcia na instagramie w których lokalizacja ustawiony jest w paris 	 o o o o o o o o o o o b-location
Instagram__	ShowPicturesWithLocation__	wyświetl mi zdjęcia na instagramie w których geolokalizacja ustawiony jest w london 	 o o o o o o o o o o o b-location
Instagram__	ShowPicturesWithLocation__	wyświetl mi zdjęcia na instagramie w których gps ustawiony jest w berlin 	 o o o o o o o o o o o b-location
Instagram__	ShowPicturesWithLocation__	wyświetl mi moje zdjęcia na instagramie które zrobiłem w new york 	 o o o o o o o o o b-location i-location
Instagram__	ShowPicturesWithLocation__	wyświetl mi moje zdjęcia na instagramie które zrobiłem gdy byłem w paris 	 o o o o o o o o o o o b-location
Instagram__	ShowPicturesWithLocation__	wyświetl mi moje zdjęcia na instagramie które zrobiłem kiedy byłem w london 	 o o o o o o o o o o o b-location
Instagram__	ShowPicturesWithLocation__	wyświetl mi moje zdjęcia na instagramie które zrobiłam w berlin 	 o o o o o o o o o b-location
Instagram__	ShowPicturesWithLocation__	wyświetl mi moje zdjęcia na instagramie które zrobiłam gdy byłam w new york 	 o o o o o o o o o o o b-location i-location
Instagram__	ShowPicturesWithLocation__	wyświetl mi moje zdjęcia na instagramie które zrobiłam kiedy byłam w paris 	 o o o o o o o o o o o b-location
Instagram__	ShowPicturesWithLocation__	wyświetl mi moje zdjęcia na instagramie oznaczone lokalizacją w london 	 o o o o o o o o o b-location
Instagram__	ShowPicturesWithLocation__	wyświetl mi moje zdjęcia na instagramie oznaczone tagiem lokalizacji w berlin 	 o o o o o o o o o o b-location
Instagram__	ShowPicturesWithLocation__	wyświetl mi moje zdjęcia na instagramie w których lokalizacja ustawiony jest w new york 	 o o o o o o o o o o o o b-location i-location
Instagram__	ShowPicturesWithLocation__	wyświetl mi moje zdjęcia na instagramie w których geolokalizacja ustawiony jest w paris 	 o o o o o o o o o o o o b-location
Instagram__	ShowPicturesWithLocation__	wyświetl mi moje zdjęcia na instagramie w których gps ustawiony jest w london 	 o o o o o o o o o o o o b-location
Instagram__	ShowPicturesWithLocation__	wylistuj zdjęcia na instagramie które zrobiłem w berlin 	 o o o o o o o b-location
Instagram__	ShowPicturesWithLocation__	wylistuj zdjęcia na instagramie które zrobiłem gdy byłem w new york 	 o o o o o o o o o b-location i-location
Instagram__	ShowPicturesWithLocation__	wylistuj zdjęcia na instagramie które zrobiłem kiedy byłem w paris 	 o o o o o o o o o b-location
Instagram__	ShowPicturesWithLocation__	wylistuj zdjęcia na instagramie które zrobiłam w london 	 o o o o o o o b-location
Instagram__	ShowPicturesWithLocation__	wylistuj zdjęcia na instagramie które zrobiłam gdy byłam w berlin 	 o o o o o o o o o b-location
Instagram__	ShowPicturesWithLocation__	wylistuj zdjęcia na instagramie które zrobiłam kiedy byłam w new york 	 o o o o o o o o o b-location i-location
Instagram__	ShowPicturesWithLocation__	wylistuj zdjęcia na instagramie oznaczone lokalizacją w paris 	 o o o o o o o b-location
Instagram__	ShowPicturesWithLocation__	wylistuj zdjęcia na instagramie oznaczone tagiem lokalizacji w london 	 o o o o o o o o b-location
Instagram__	ShowPicturesWithLocation__	wylistuj zdjęcia na instagramie w których lokalizacja ustawiony jest w berlin 	 o o o o o o o o o o b-location
Instagram__	ShowPicturesWithLocation__	wylistuj zdjęcia na instagramie w których geolokalizacja ustawiony jest w new york 	 o o o o o o o o o o b-location i-location
Instagram__	ShowPicturesWithLocation__	wylistuj zdjęcia na instagramie w których gps ustawiony jest w paris 	 o o o o o o o o o o b-location
Instagram__	ShowPicturesWithLocation__	wylistuj moje zdjęcia na instagramie które zrobiłem w london 	 o o o o o o o o b-location
Instagram__	ShowPicturesWithLocation__	wylistuj moje zdjęcia na instagramie które zrobiłem gdy byłem w berlin 	 o o o o o o o o o o b-location
Instagram__	ShowPicturesWithLocation__	wylistuj moje zdjęcia na instagramie które zrobiłem kiedy byłem w new york 	 o o o o o o o o o o b-location i-location
Instagram__	ShowPicturesWithLocation__	wylistuj moje zdjęcia na instagramie które zrobiłam w paris 	 o o o o o o o o b-location
Instagram__	ShowPicturesWithLocation__	wylistuj moje zdjęcia na instagramie które zrobiłam gdy byłam w london 	 o o o o o o o o o o b-location
Instagram__	ShowPicturesWithLocation__	wylistuj moje zdjęcia na instagramie które zrobiłam kiedy byłam w berlin 	 o o o o o o o o o o b-location
Instagram__	ShowPicturesWithLocation__	wylistuj moje zdjęcia na instagramie oznaczone lokalizacją w new york 	 o o o o o o o o b-location i-location
Instagram__	ShowPicturesWithLocation__	wylistuj moje zdjęcia na instagramie oznaczone tagiem lokalizacji w paris 	 o o o o o o o o o b-location
Instagram__	ShowPicturesWithLocation__	wylistuj moje zdjęcia na instagramie w których lokalizacja ustawiony jest w london 	 o o o o o o o o o o o b-location
Instagram__	ShowPicturesWithLocation__	wylistuj moje zdjęcia na instagramie w których geolokalizacja ustawiony jest w berlin 	 o o o o o o o o o o o b-location
Instagram__	ShowPicturesWithLocation__	wylistuj moje zdjęcia na instagramie w których gps ustawiony jest w new york 	 o o o o o o o o o o o b-location i-location
Instagram__	ShowPicturesWithLocation__	wylistuj mi zdjęcia na instagramie które zrobiłem w paris 	 o o o o o o o o b-location
Instagram__	ShowPicturesWithLocation__	wylistuj mi zdjęcia na instagramie które zrobiłem gdy byłem w london 	 o o o o o o o o o o b-location
Instagram__	ShowPicturesWithLocation__	wylistuj mi zdjęcia na instagramie które zrobiłem kiedy byłem w berlin 	 o o o o o o o o o o b-location
Instagram__	ShowPicturesWithLocation__	wylistuj mi zdjęcia na instagramie które zrobiłam w new york 	 o o o o o o o o b-location i-location
Instagram__	ShowPicturesWithLocation__	wylistuj mi zdjęcia na instagramie które zrobiłam gdy byłam w paris 	 o o o o o o o o o o b-location
Instagram__	ShowPicturesWithLocation__	wylistuj mi zdjęcia na instagramie które zrobiłam kiedy byłam w london 	 o o o o o o o o o o b-location
Instagram__	ShowPicturesWithLocation__	wylistuj mi zdjęcia na instagramie oznaczone lokalizacją w berlin 	 o o o o o o o o b-location
Instagram__	ShowPicturesWithLocation__	wylistuj mi zdjęcia na instagramie oznaczone tagiem lokalizacji w new york 	 o o o o o o o o o b-location i-location
Instagram__	ShowPicturesWithLocation__	wylistuj mi zdjęcia na instagramie w których lokalizacja ustawiony jest w paris 	 o o o o o o o o o o o b-location
Instagram__	ShowPicturesWithLocation__	wylistuj mi zdjęcia na instagramie w których geolokalizacja ustawiony jest w london 	 o o o o o o o o o o o b-location
Instagram__	ShowPicturesWithLocation__	wylistuj mi zdjęcia na instagramie w których gps ustawiony jest w berlin 	 o o o o o o o o o o o b-location
Instagram__	ShowPicturesWithLocation__	wylistuj mi moje zdjęcia na instagramie które zrobiłem w new york 	 o o o o o o o o o b-location i-location
Instagram__	ShowPicturesWithLocation__	wylistuj mi moje zdjęcia na instagramie które zrobiłem gdy byłem w paris 	 o o o o o o o o o o o b-location
Instagram__	ShowPicturesWithLocation__	wylistuj mi moje zdjęcia na instagramie które zrobiłem kiedy byłem w london 	 o o o o o o o o o o o b-location
Instagram__	ShowPicturesWithLocation__	wylistuj mi moje zdjęcia na instagramie które zrobiłam w berlin 	 o o o o o o o o o b-location
Instagram__	ShowPicturesWithLocation__	wylistuj mi moje zdjęcia na instagramie które zrobiłam gdy byłam w new york 	 o o o o o o o o o o o b-location i-location
Instagram__	ShowPicturesWithLocation__	wylistuj mi moje zdjęcia na instagramie które zrobiłam kiedy byłam w paris 	 o o o o o o o o o o o b-location
Instagram__	ShowPicturesWithLocation__	wylistuj mi moje zdjęcia na instagramie oznaczone lokalizacją w london 	 o o o o o o o o o b-location
Instagram__	ShowPicturesWithLocation__	wylistuj mi moje zdjęcia na instagramie oznaczone tagiem lokalizacji w berlin 	 o o o o o o o o o o b-location
Instagram__	ShowPicturesWithLocation__	wylistuj mi moje zdjęcia na instagramie w których lokalizacja ustawiony jest w new york 	 o o o o o o o o o o o o b-location i-location
Instagram__	ShowPicturesWithLocation__	wylistuj mi moje zdjęcia na instagramie w których geolokalizacja ustawiony jest w paris 	 o o o o o o o o o o o o b-location
Instagram__	ShowPicturesWithLocation__	wylistuj mi moje zdjęcia na instagramie w których gps ustawiony jest w london 	 o o o o o o o o o o o o b-location
Instagram__	ShowPicturesWithLocation__	otwórz zdjęcia na instagramie które zrobiłem w berlin 	 o o o o o o o b-location
Instagram__	ShowPicturesWithLocation__	otwórz zdjęcia na instagramie które zrobiłem gdy byłem w new york 	 o o o o o o o o o b-location i-location
Instagram__	ShowPicturesWithLocation__	otwórz zdjęcia na instagramie które zrobiłem kiedy byłem w paris 	 o o o o o o o o o b-location
Instagram__	ShowPicturesWithLocation__	otwórz zdjęcia na instagramie które zrobiłam w london 	 o o o o o o o b-location
Instagram__	ShowPicturesWithLocation__	otwórz zdjęcia na instagramie które zrobiłam gdy byłam w berlin 	 o o o o o o o o o b-location
Instagram__	ShowPicturesWithLocation__	otwórz zdjęcia na instagramie które zrobiłam kiedy byłam w new york 	 o o o o o o o o o b-location i-location
Instagram__	ShowPicturesWithLocation__	otwórz zdjęcia na instagramie oznaczone lokalizacją w paris 	 o o o o o o o b-location
Instagram__	ShowPicturesWithLocation__	otwórz zdjęcia na instagramie oznaczone tagiem lokalizacji w london 	 o o o o o o o o b-location
Instagram__	ShowPicturesWithLocation__	otwórz zdjęcia na instagramie w których lokalizacja ustawiony jest w berlin 	 o o o o o o o o o o b-location
Instagram__	ShowPicturesWithLocation__	otwórz zdjęcia na instagramie w których geolokalizacja ustawiony jest w new york 	 o o o o o o o o o o b-location i-location
Instagram__	ShowPicturesWithLocation__	otwórz zdjęcia na instagramie w których gps ustawiony jest w paris 	 o o o o o o o o o o b-location
Instagram__	ShowPicturesWithLocation__	otwórz moje zdjęcia na instagramie które zrobiłem w london 	 o o o o o o o o b-location
Instagram__	ShowPicturesWithLocation__	otwórz moje zdjęcia na instagramie które zrobiłem gdy byłem w berlin 	 o o o o o o o o o o b-location
Instagram__	ShowPicturesWithLocation__	otwórz moje zdjęcia na instagramie które zrobiłem kiedy byłem w new york 	 o o o o o o o o o o b-location i-location
Instagram__	ShowPicturesWithLocation__	otwórz moje zdjęcia na instagramie które zrobiłam w paris 	 o o o o o o o o b-location
Instagram__	ShowPicturesWithLocation__	otwórz moje zdjęcia na instagramie które zrobiłam gdy byłam w london 	 o o o o o o o o o o b-location
Instagram__	ShowPicturesWithLocation__	otwórz moje zdjęcia na instagramie które zrobiłam kiedy byłam w berlin 	 o o o o o o o o o o b-location
Instagram__	ShowPicturesWithLocation__	otwórz moje zdjęcia na instagramie oznaczone lokalizacją w new york 	 o o o o o o o o b-location i-location
Instagram__	ShowPicturesWithLocation__	otwórz moje zdjęcia na instagramie oznaczone tagiem lokalizacji w paris 	 o o o o o o o o o b-location
Instagram__	ShowPicturesWithLocation__	otwórz moje zdjęcia na instagramie w których lokalizacja ustawiony jest w london 	 o o o o o o o o o o o b-location
Instagram__	ShowPicturesWithLocation__	otwórz moje zdjęcia na instagramie w których geolokalizacja ustawiony jest w berlin 	 o o o o o o o o o o o b-location
Instagram__	ShowPicturesWithLocation__	otwórz moje zdjęcia na instagramie w których gps ustawiony jest w new york 	 o o o o o o o o o o o b-location i-location
Instagram__	ShowPicturesWithLocation__	otwórz mi zdjęcia na instagramie które zrobiłem w paris 	 o o o o o o o o b-location
Instagram__	ShowPicturesWithLocation__	otwórz mi zdjęcia na instagramie które zrobiłem gdy byłem w london 	 o o o o o o o o o o b-location
Instagram__	ShowPicturesWithLocation__	otwórz mi zdjęcia na instagramie które zrobiłem kiedy byłem w berlin 	 o o o o o o o o o o b-location
Instagram__	ShowPicturesWithLocation__	otwórz mi zdjęcia na instagramie które zrobiłam w new york 	 o o o o o o o o b-location i-location
Instagram__	ShowPicturesWithLocation__	otwórz mi zdjęcia na instagramie które zrobiłam gdy byłam w paris 	 o o o o o o o o o o b-location
Instagram__	ShowPicturesWithLocation__	otwórz mi zdjęcia na instagramie które zrobiłam kiedy byłam w london 	 o o o o o o o o o o b-location
Instagram__	ShowPicturesWithLocation__	otwórz mi zdjęcia na instagramie oznaczone lokalizacją w berlin 	 o o o o o o o o b-location
Instagram__	ShowPicturesWithLocation__	otwórz mi zdjęcia na instagramie oznaczone tagiem lokalizacji w new york 	 o o o o o o o o o b-location i-location
Instagram__	ShowPicturesWithLocation__	otwórz mi zdjęcia na instagramie w których lokalizacja ustawiony jest w paris 	 o o o o o o o o o o o b-location
Instagram__	ShowPicturesWithLocation__	otwórz mi zdjęcia na instagramie w których geolokalizacja ustawiony jest w london 	 o o o o o o o o o o o b-location
Instagram__	ShowPicturesWithLocation__	otwórz mi zdjęcia na instagramie w których gps ustawiony jest w berlin 	 o o o o o o o o o o o b-location
Instagram__	ShowPicturesWithLocation__	otwórz mi moje zdjęcia na instagramie które zrobiłem w new york 	 o o o o o o o o o b-location i-location
Instagram__	ShowPicturesWithLocation__	otwórz mi moje zdjęcia na instagramie które zrobiłem gdy byłem w paris 	 o o o o o o o o o o o b-location
Instagram__	ShowPicturesWithLocation__	otwórz mi moje zdjęcia na instagramie które zrobiłem kiedy byłem w london 	 o o o o o o o o o o o b-location
Instagram__	ShowPicturesWithLocation__	otwórz mi moje zdjęcia na instagramie które zrobiłam w berlin 	 o o o o o o o o o b-location
Instagram__	ShowPicturesWithLocation__	otwórz mi moje zdjęcia na instagramie które zrobiłam gdy byłam w new york 	 o o o o o o o o o o o b-location i-location
Instagram__	ShowPicturesWithLocation__	otwórz mi moje zdjęcia na instagramie które zrobiłam kiedy byłam w paris 	 o o o o o o o o o o o b-location
Instagram__	ShowPicturesWithLocation__	otwórz mi moje zdjęcia na instagramie oznaczone lokalizacją w london 	 o o o o o o o o o b-location
Instagram__	ShowPicturesWithLocation__	otwórz mi moje zdjęcia na instagramie oznaczone tagiem lokalizacji w berlin 	 o o o o o o o o o o b-location
Instagram__	ShowPicturesWithLocation__	otwórz mi moje zdjęcia na instagramie w których lokalizacja ustawiony jest w new york 	 o o o o o o o o o o o o b-location i-location
Instagram__	ShowPicturesWithLocation__	otwórz mi moje zdjęcia na instagramie w których geolokalizacja ustawiony jest w paris 	 o o o o o o o o o o o o b-location
Instagram__	ShowPicturesWithLocation__	otwórz mi moje zdjęcia na instagramie w których gps ustawiony jest w london 	 o o o o o o o o o o o o b-location
Instagram__	ShowPicturesWithHashtag__	pokaż zdjęcia na instagramie które mają tag cute 	 o o o o o o o b-hashtag
Instagram__	ShowPicturesWithHashtag__	pokaż zdjęcia na instagramie z tagiem fashion 	 o o o o o o b-hashtag
Instagram__	ShowPicturesWithHashtag__	pokaż moje zdjęcia na instagramie które mają tag selfie 	 o o o o o o o o b-hashtag
Instagram__	ShowPicturesWithHashtag__	pokaż moje zdjęcia na instagramie z tagiem summer 	 o o o o o o o b-hashtag
Instagram__	ShowPicturesWithHashtag__	pokaż mi zdjęcia na instagramie które mają tag art 	 o o o o o o o o b-hashtag
Instagram__	ShowPicturesWithHashtag__	pokaż mi zdjęcia na instagramie z tagiem instagirl 	 o o o o o o o b-hashtag
Instagram__	ShowPicturesWithHashtag__	pokaż mi moje zdjęcia na instagramie które mają tag instaboy 	 o o o o o o o o o b-hashtag
Instagram__	ShowPicturesWithHashtag__	pokaż mi moje zdjęcia na instagramie z tagiem instadog 	 o o o o o o o o b-hashtag
Instagram__	ShowPicturesWithHashtag__	wyświetl zdjęcia na instagramie które mają tag frenchie 	 o o o o o o o b-hashtag
Instagram__	ShowPicturesWithHashtag__	wyświetl zdjęcia na instagramie z tagiem cutepuppy 	 o o o o o o b-hashtag
Instagram__	ShowPicturesWithHashtag__	wyświetl moje zdjęcia na instagramie które mają tag drawing 	 o o o o o o o o b-hashtag
Instagram__	ShowPicturesWithHashtag__	wyświetl moje zdjęcia na instagramie z tagiem markers 	 o o o o o o o b-hashtag
Instagram__	ShowPicturesWithHashtag__	wyświetl mi zdjęcia na instagramie które mają tag fashionphoto 	 o o o o o o o o b-hashtag
Instagram__	ShowPicturesWithHashtag__	wyświetl mi zdjęcia na instagramie z tagiem makeup 	 o o o o o o o b-hashtag
Instagram__	ShowPicturesWithHashtag__	wyświetl mi moje zdjęcia na instagramie które mają tag makeup_artist 	 o o o o o o o o o b-hashtag
Instagram__	ShowPicturesWithHashtag__	wyświetl mi moje zdjęcia na instagramie z tagiem newpalette 	 o o o o o o o o b-hashtag
Instagram__	ShowPicturesWithHashtag__	wylistuj zdjęcia na instagramie które mają tag watercolors 	 o o o o o o o b-hashtag
Instagram__	ShowPicturesWithHashtag__	wylistuj zdjęcia na instagramie z tagiem portrait 	 o o o o o o b-hashtag
Instagram__	ShowPicturesWithHashtag__	wylistuj moje zdjęcia na instagramie które mają tag nature 	 o o o o o o o o b-hashtag
Instagram__	ShowPicturesWithHashtag__	wylistuj moje zdjęcia na instagramie z tagiem sundaywalk 	 o o o o o o o b-hashtag
Instagram__	ShowPicturesWithHashtag__	wylistuj mi zdjęcia na instagramie które mają tag cute 	 o o o o o o o o b-hashtag
Instagram__	ShowPicturesWithHashtag__	wylistuj mi zdjęcia na instagramie z tagiem fashion 	 o o o o o o o b-hashtag
Instagram__	ShowPicturesWithHashtag__	wylistuj mi moje zdjęcia na instagramie które mają tag selfie 	 o o o o o o o o o b-hashtag
Instagram__	ShowPicturesWithHashtag__	wylistuj mi moje zdjęcia na instagramie z tagiem summer 	 o o o o o o o o b-hashtag
Instagram__	ShowPicturesWithHashtag__	otwórz zdjęcia na instagramie które mają tag art 	 o o o o o o o b-hashtag
Instagram__	ShowPicturesWithHashtag__	otwórz zdjęcia na instagramie z tagiem instagirl 	 o o o o o o b-hashtag
Instagram__	ShowPicturesWithHashtag__	otwórz moje zdjęcia na instagramie które mają tag instaboy 	 o o o o o o o o b-hashtag
Instagram__	ShowPicturesWithHashtag__	otwórz moje zdjęcia na instagramie z tagiem instadog 	 o o o o o o o b-hashtag
Instagram__	ShowPicturesWithHashtag__	otwórz mi zdjęcia na instagramie które mają tag frenchie 	 o o o o o o o o b-hashtag
Instagram__	ShowPicturesWithHashtag__	otwórz mi zdjęcia na instagramie z tagiem cutepuppy 	 o o o o o o o b-hashtag
Instagram__	ShowPicturesWithHashtag__	otwórz mi moje zdjęcia na instagramie które mają tag drawing 	 o o o o o o o o o b-hashtag
Instagram__	ShowPicturesWithHashtag__	otwórz mi moje zdjęcia na instagramie z tagiem markers 	 o o o o o o o o b-hashtag
Instagram__	PostWithPicturesFromDateAndWithLocation__	stwórz kolaż na instagrama ze zdjęciami zrobionymi w berlin w 2nd of June 	 o o o o o o o o b-location o b-date_day i-date_day i-date_day
Instagram__	PostWithPicturesFromDateAndWithLocation__	stwórz kolaż na instagrama ze zdjęciami zrobionymi w new york January 	 o o o o o o o o b-location i-location b-date_month
Instagram__	PostWithPicturesFromDateAndWithLocation__	stwórz kolaż na instagrama ze wszystkimi zdjęciami zrobionymi w paris w 3rd of May 	 o o o o o o o o o b-location o b-date_day i-date_day i-date_day
Instagram__	PostWithPicturesFromDateAndWithLocation__	stwórz kolaż na instagrama ze wszystkimi zdjęciami zrobionymi w london February 	 o o o o o o o o o b-location b-date_month
Instagram__	PostWithPicturesFromDateAndWithLocation__	stwórz kolaż na instagramie ze zdjęciami zrobionymi w berlin w 16 of July 	 o o o o o o o o b-location o b-date_day i-date_day i-date_day
Instagram__	PostWithPicturesFromDateAndWithLocation__	stwórz kolaż na instagramie ze zdjęciami zrobionymi w new york March 	 o o o o o o o o b-location i-location b-date_month
Instagram__	PostWithPicturesFromDateAndWithLocation__	stwórz kolaż na instagramie ze wszystkimi zdjęciami zrobionymi w paris w 30th of June 	 o o o o o o o o o b-location o b-date_day i-date_day i-date_day
Instagram__	PostWithPicturesFromDateAndWithLocation__	stwórz kolaż na instagramie ze wszystkimi zdjęciami zrobionymi w london April 	 o o o o o o o o o b-location b-date_month
Instagram__	PostWithPicturesFromDateAndWithLocation__	stwórz nowy kolaż na instagrama ze zdjęciami zrobionymi w berlin w 12th of October 	 o o o o o o o o o b-location o b-date_day i-date_day i-date_day
Instagram__	PostWithPicturesFromDateAndWithLocation__	stwórz nowy kolaż na instagrama ze zdjęciami zrobionymi w new york May 	 o o o o o o o o o b-location i-location b-date_month
Instagram__	PostWithPicturesFromDateAndWithLocation__	stwórz nowy kolaż na instagrama ze wszystkimi zdjęciami zrobionymi w paris w 20th of April 	 o o o o o o o o o o b-location o b-date_day i-date_day i-date_day
Instagram__	PostWithPicturesFromDateAndWithLocation__	stwórz nowy kolaż na instagrama ze wszystkimi zdjęciami zrobionymi w london January 	 o o o o o o o o o o b-location b-date_month
Instagram__	PostWithPicturesFromDateAndWithLocation__	stwórz nowy kolaż na instagramie ze zdjęciami zrobionymi w berlin w 2nd of June 	 o o o o o o o o o b-location o b-date_day i-date_day i-date_day
Instagram__	PostWithPicturesFromDateAndWithLocation__	stwórz nowy kolaż na instagramie ze zdjęciami zrobionymi w new york February 	 o o o o o o o o o b-location i-location b-date_month
Instagram__	PostWithPicturesFromDateAndWithLocation__	stwórz nowy kolaż na instagramie ze wszystkimi zdjęciami zrobionymi w paris w 3rd of May 	 o o o o o o o o o o b-location o b-date_day i-date_day i-date_day
Instagram__	PostWithPicturesFromDateAndWithLocation__	stwórz nowy kolaż na instagramie ze wszystkimi zdjęciami zrobionymi w london March 	 o o o o o o o o o o b-location b-date_month
Instagram__	PostWithPicturesFromDateAndWithLocation__	utwórz kolaż na instagrama ze zdjęciami zrobionymi w berlin w 16 of July 	 o o o o o o o o b-location o b-date_day i-date_day i-date_day
Instagram__	PostWithPicturesFromDateAndWithLocation__	utwórz kolaż na instagrama ze zdjęciami zrobionymi w new york April 	 o o o o o o o o b-location i-location b-date_month
Instagram__	PostWithPicturesFromDateAndWithLocation__	utwórz kolaż na instagrama ze wszystkimi zdjęciami zrobionymi w paris w 30th of June 	 o o o o o o o o o b-location o b-date_day i-date_day i-date_day
Instagram__	PostWithPicturesFromDateAndWithLocation__	utwórz kolaż na instagrama ze wszystkimi zdjęciami zrobionymi w london May 	 o o o o o o o o o b-location b-date_month
Instagram__	PostWithPicturesFromDateAndWithLocation__	utwórz kolaż na instagramie ze zdjęciami zrobionymi w berlin w 12th of October 	 o o o o o o o o b-location o b-date_day i-date_day i-date_day
Instagram__	PostWithPicturesFromDateAndWithLocation__	utwórz kolaż na instagramie ze zdjęciami zrobionymi w new york January 	 o o o o o o o o b-location i-location b-date_month
Instagram__	PostWithPicturesFromDateAndWithLocation__	utwórz kolaż na instagramie ze wszystkimi zdjęciami zrobionymi w paris w 20th of April 	 o o o o o o o o o b-location o b-date_day i-date_day i-date_day
Instagram__	PostWithPicturesFromDateAndWithLocation__	utwórz kolaż na instagramie ze wszystkimi zdjęciami zrobionymi w london February 	 o o o o o o o o o b-location b-date_month
Instagram__	PostWithPicturesFromDateAndWithLocation__	utwórz nowy kolaż na instagrama ze zdjęciami zrobionymi w berlin w 2nd of June 	 o o o o o o o o o b-location o b-date_day i-date_day i-date_day
Instagram__	PostWithPicturesFromDateAndWithLocation__	utwórz nowy kolaż na instagrama ze zdjęciami zrobionymi w new york March 	 o o o o o o o o o b-location i-location b-date_month
Instagram__	PostWithPicturesFromDateAndWithLocation__	utwórz nowy kolaż na instagrama ze wszystkimi zdjęciami zrobionymi w paris w 3rd of May 	 o o o o o o o o o o b-location o b-date_day i-date_day i-date_day
Instagram__	PostWithPicturesFromDateAndWithLocation__	utwórz nowy kolaż na instagrama ze wszystkimi zdjęciami zrobionymi w london April 	 o o o o o o o o o o b-location b-date_month
Instagram__	PostWithPicturesFromDateAndWithLocation__	utwórz nowy kolaż na instagramie ze zdjęciami zrobionymi w berlin w 16 of July 	 o o o o o o o o o b-location o b-date_day i-date_day i-date_day
Instagram__	PostWithPicturesFromDateAndWithLocation__	utwórz nowy kolaż na instagramie ze zdjęciami zrobionymi w new york May 	 o o o o o o o o o b-location i-location b-date_month
Instagram__	PostWithPicturesFromDateAndWithLocation__	utwórz nowy kolaż na instagramie ze wszystkimi zdjęciami zrobionymi w paris w 30th of June 	 o o o o o o o o o o b-location o b-date_day i-date_day i-date_day
Instagram__	PostWithPicturesFromDateAndWithLocation__	utwórz nowy kolaż na instagramie ze wszystkimi zdjęciami zrobionymi w london January 	 o o o o o o o o o o b-location b-date_month
Instagram__	ShowPicturesFromDate__	pokaż zdjęcia zrobione w 12th of October 	 o o o o b-date_day i-date_day i-date_day
Instagram__	ShowPicturesFromDate__	pokaż zdjęcia zrobione February 	 o o o b-date_month
Instagram__	ShowPicturesFromDate__	pokaż posty zrobione w 20th of April 	 o o o o b-date_day i-date_day i-date_day
Instagram__	ShowPicturesFromDate__	pokaż posty zrobione March 	 o o o b-date_month
Instagram__	ShowPicturesFromDate__	pokaż moje zdjęcia zrobione w 2nd of June 	 o o o o o b-date_day i-date_day i-date_day
Instagram__	ShowPicturesFromDate__	pokaż moje zdjęcia zrobione April 	 o o o o b-date_month
Instagram__	ShowPicturesFromDate__	pokaż moje posty zrobione w 3rd of May 	 o o o o o b-date_day i-date_day i-date_day
Instagram__	ShowPicturesFromDate__	pokaż moje posty zrobione May 	 o o o o b-date_month
Instagram__	ShowPicturesFromDate__	pokaż mi zdjęcia zrobione w 16 of July 	 o o o o o b-date_day i-date_day i-date_day
Instagram__	ShowPicturesFromDate__	pokaż mi zdjęcia zrobione January 	 o o o o b-date_month
Instagram__	ShowPicturesFromDate__	pokaż mi posty zrobione w 30th of June 	 o o o o o b-date_day i-date_day i-date_day
Instagram__	ShowPicturesFromDate__	pokaż mi posty zrobione February 	 o o o o b-date_month
Instagram__	ShowPicturesFromDate__	pokaż mi moje zdjęcia zrobione w 12th of October 	 o o o o o o b-date_day i-date_day i-date_day
Instagram__	ShowPicturesFromDate__	pokaż mi moje zdjęcia zrobione March 	 o o o o o b-date_month
Instagram__	ShowPicturesFromDate__	pokaż mi moje posty zrobione w 20th of April 	 o o o o o o b-date_day i-date_day i-date_day
Instagram__	ShowPicturesFromDate__	pokaż mi moje posty zrobione April 	 o o o o o b-date_month
Instagram__	ShowPicturesFromDate__	wyświetl zdjęcia zrobione w 2nd of June 	 o o o o b-date_day i-date_day i-date_day
Instagram__	ShowPicturesFromDate__	wyświetl zdjęcia zrobione May 	 o o o b-date_month
Instagram__	ShowPicturesFromDate__	wyświetl posty zrobione w 3rd of May 	 o o o o b-date_day i-date_day i-date_day
Instagram__	ShowPicturesFromDate__	wyświetl posty zrobione January 	 o o o b-date_month
Instagram__	ShowPicturesFromDate__	wyświetl moje zdjęcia zrobione w 16 of July 	 o o o o o b-date_day i-date_day i-date_day
Instagram__	ShowPicturesFromDate__	wyświetl moje zdjęcia zrobione February 	 o o o o b-date_month
Instagram__	ShowPicturesFromDate__	wyświetl moje posty zrobione w 30th of June 	 o o o o o b-date_day i-date_day i-date_day
Instagram__	ShowPicturesFromDate__	wyświetl moje posty zrobione March 	 o o o o b-date_month
Instagram__	ShowPicturesFromDate__	wyświetl mi zdjęcia zrobione w 12th of October 	 o o o o o b-date_day i-date_day i-date_day
Instagram__	ShowPicturesFromDate__	wyświetl mi zdjęcia zrobione April 	 o o o o b-date_month
Instagram__	ShowPicturesFromDate__	wyświetl mi posty zrobione w 20th of April 	 o o o o o b-date_day i-date_day i-date_day
Instagram__	ShowPicturesFromDate__	wyświetl mi posty zrobione May 	 o o o o b-date_month
Instagram__	ShowPicturesFromDate__	wyświetl mi moje zdjęcia zrobione w 2nd of June 	 o o o o o o b-date_day i-date_day i-date_day
Instagram__	ShowPicturesFromDate__	wyświetl mi moje zdjęcia zrobione January 	 o o o o o b-date_month
Instagram__	ShowPicturesFromDate__	wyświetl mi moje posty zrobione w 3rd of May 	 o o o o o o b-date_day i-date_day i-date_day
Instagram__	ShowPicturesFromDate__	wyświetl mi moje posty zrobione February 	 o o o o o b-date_month
Instagram__	ShowPicturesFromDate__	wylistuj zdjęcia zrobione w 16 of July 	 o o o o b-date_day i-date_day i-date_day
Instagram__	ShowPicturesFromDate__	wylistuj zdjęcia zrobione March 	 o o o b-date_month
Instagram__	ShowPicturesFromDate__	wylistuj posty zrobione w 30th of June 	 o o o o b-date_day i-date_day i-date_day
Instagram__	ShowPicturesFromDate__	wylistuj posty zrobione April 	 o o o b-date_month
Instagram__	ShowPicturesFromDate__	wylistuj moje zdjęcia zrobione w 12th of October 	 o o o o o b-date_day i-date_day i-date_day
Instagram__	ShowPicturesFromDate__	wylistuj moje zdjęcia zrobione May 	 o o o o b-date_month
Instagram__	ShowPicturesFromDate__	wylistuj moje posty zrobione w 20th of April 	 o o o o o b-date_day i-date_day i-date_day
Instagram__	ShowPicturesFromDate__	wylistuj moje posty zrobione January 	 o o o o b-date_month
Instagram__	ShowPicturesFromDate__	wylistuj mi zdjęcia zrobione w 2nd of June 	 o o o o o b-date_day i-date_day i-date_day
Instagram__	ShowPicturesFromDate__	wylistuj mi zdjęcia zrobione February 	 o o o o b-date_month
Instagram__	ShowPicturesFromDate__	wylistuj mi posty zrobione w 3rd of May 	 o o o o o b-date_day i-date_day i-date_day
Instagram__	ShowPicturesFromDate__	wylistuj mi posty zrobione March 	 o o o o b-date_month
Instagram__	ShowPicturesFromDate__	wylistuj mi moje zdjęcia zrobione w 16 of July 	 o o o o o o b-date_day i-date_day i-date_day
Instagram__	ShowPicturesFromDate__	wylistuj mi moje zdjęcia zrobione April 	 o o o o o b-date_month
Instagram__	ShowPicturesFromDate__	wylistuj mi moje posty zrobione w 30th of June 	 o o o o o o b-date_day i-date_day i-date_day
Instagram__	ShowPicturesFromDate__	wylistuj mi moje posty zrobione May 	 o o o o o b-date_month
Instagram__	ShowPicturesFromDate__	otwórz zdjęcia zrobione w 12th of October 	 o o o o b-date_day i-date_day i-date_day
Instagram__	ShowPicturesFromDate__	otwórz zdjęcia zrobione January 	 o o o b-date_month
Instagram__	ShowPicturesFromDate__	otwórz posty zrobione w 20th of April 	 o o o o b-date_day i-date_day i-date_day
Instagram__	ShowPicturesFromDate__	otwórz posty zrobione February 	 o o o b-date_month
Instagram__	ShowPicturesFromDate__	otwórz moje zdjęcia zrobione w 2nd of June 	 o o o o o b-date_day i-date_day i-date_day
Instagram__	ShowPicturesFromDate__	otwórz moje zdjęcia zrobione March 	 o o o o b-date_month
Instagram__	ShowPicturesFromDate__	otwórz moje posty zrobione w 3rd of May 	 o o o o o b-date_day i-date_day i-date_day
Instagram__	ShowPicturesFromDate__	otwórz moje posty zrobione April 	 o o o o b-date_month
Instagram__	ShowPicturesFromDate__	otwórz mi zdjęcia zrobione w 16 of July 	 o o o o o b-date_day i-date_day i-date_day
Instagram__	ShowPicturesFromDate__	otwórz mi zdjęcia zrobione May 	 o o o o b-date_month
Instagram__	ShowPicturesFromDate__	otwórz mi posty zrobione w 30th of June 	 o o o o o b-date_day i-date_day i-date_day
Instagram__	ShowPicturesFromDate__	otwórz mi posty zrobione January 	 o o o o b-date_month
Instagram__	ShowPicturesFromDate__	otwórz mi moje zdjęcia zrobione w 12th of October 	 o o o o o o b-date_day i-date_day i-date_day
Instagram__	ShowPicturesFromDate__	otwórz mi moje zdjęcia zrobione February 	 o o o o o b-date_month
Instagram__	ShowPicturesFromDate__	otwórz mi moje posty zrobione w 20th of April 	 o o o o o o b-date_day i-date_day i-date_day
Instagram__	ShowPicturesFromDate__	otwórz mi moje posty zrobione March 	 o o o o o b-date_month
Instagram__	TakePicture__	zrób zdjęcie na instagrama 	 o o o o
Instagram__	TakePicture__	zrób zdjęcie przy użyciu instagrama 	 o o o o o
Instagram__	PostWithLastPictureWithLocationAndWithHashtag__	stwórz post na instagrama z ostatniego zdjęcia z galerii 	 o o o o o o o o o
Instagram__	PostWithLastPictureWithLocationAndWithHashtag__	stwórz post na instagrama z ostatniego zdjęcia z galerii i dodaj tag lokalizacji w berlin 	 o o o o o o o o o o o o o o b-location
Instagram__	PostWithLastPictureWithLocationAndWithHashtag__	stwórz post na instagrama z ostatniego zdjęcia z galerii i dodaj lokalizację w new york 	 o o o o o o o o o o o o o b-location i-location
Instagram__	PostWithLastPictureWithLocationAndWithHashtag__	stwórz post na instagrama z ostatniego zdjęcia z galerii i dodaj filtr lark 	 o o o o o o o o o o o o b-filter
Instagram__	PostWithLastPictureWithLocationAndWithHashtag__	stwórz post na instagrama z ostatniego zdjęcia z galerii i dodaj hashtag fashionphoto 	 o o o o o o o o o o o o b-hashtag
Instagram__	PostWithLastPictureWithLocationAndWithHashtag__	stwórz post na instagramie z ostatniego zdjęcia z galerii 	 o o o o o o o o o
Instagram__	PostWithLastPictureWithLocationAndWithHashtag__	stwórz post na instagramie z ostatniego zdjęcia z galerii i dodaj tag lokalizacji w paris 	 o o o o o o o o o o o o o o b-location
Instagram__	PostWithLastPictureWithLocationAndWithHashtag__	stwórz post na instagramie z ostatniego zdjęcia z galerii i dodaj lokalizację w london 	 o o o o o o o o o o o o o b-location
Instagram__	PostWithLastPictureWithLocationAndWithHashtag__	stwórz post na instagramie z ostatniego zdjęcia z galerii i dodaj filtr juno 	 o o o o o o o o o o o o b-filter
Instagram__	PostWithLastPictureWithLocationAndWithHashtag__	stwórz post na instagramie z ostatniego zdjęcia z galerii i dodaj hashtag makeup 	 o o o o o o o o o o o o b-hashtag
Instagram__	PostWithLastPictureWithLocationAndWithHashtag__	stwórz nowy post na instagrama z ostatniego zdjęcia z galerii 	 o o o o o o o o o o
Instagram__	PostWithLastPictureWithLocationAndWithHashtag__	stwórz nowy post na instagrama z ostatniego zdjęcia z galerii i dodaj tag lokalizacji w berlin 	 o o o o o o o o o o o o o o o b-location
Instagram__	PostWithLastPictureWithLocationAndWithHashtag__	stwórz nowy post na instagrama z ostatniego zdjęcia z galerii i dodaj lokalizację w new york 	 o o o o o o o o o o o o o o b-location i-location
Instagram__	PostWithLastPictureWithLocationAndWithHashtag__	stwórz nowy post na instagrama z ostatniego zdjęcia z galerii i dodaj filtr sierra 	 o o o o o o o o o o o o o b-filter
Instagram__	PostWithLastPictureWithLocationAndWithHashtag__	stwórz nowy post na instagrama z ostatniego zdjęcia z galerii i dodaj hashtag makeup_artist 	 o o o o o o o o o o o o o b-hashtag
Instagram__	PostWithLastPictureWithLocationAndWithHashtag__	stwórz nowy post na instagramie z ostatniego zdjęcia z galerii 	 o o o o o o o o o o
Instagram__	PostWithLastPictureWithLocationAndWithHashtag__	stwórz nowy post na instagramie z ostatniego zdjęcia z galerii i dodaj tag lokalizacji w paris 	 o o o o o o o o o o o o o o o b-location
Instagram__	PostWithLastPictureWithLocationAndWithHashtag__	stwórz nowy post na instagramie z ostatniego zdjęcia z galerii i dodaj lokalizację w london 	 o o o o o o o o o o o o o o b-location
Instagram__	PostWithLastPictureWithLocationAndWithHashtag__	stwórz nowy post na instagramie z ostatniego zdjęcia z galerii i dodaj filtr valencia 	 o o o o o o o o o o o o o b-filter
Instagram__	PostWithLastPictureWithLocationAndWithHashtag__	stwórz nowy post na instagramie z ostatniego zdjęcia z galerii i dodaj hashtag newpalette 	 o o o o o o o o o o o o o b-hashtag
Instagram__	PostWithLastPictureWithLocationAndWithHashtag__	utwórz post na instagrama z ostatniego zdjęcia z galerii 	 o o o o o o o o o
Instagram__	PostWithLastPictureWithLocationAndWithHashtag__	utwórz post na instagrama z ostatniego zdjęcia z galerii i dodaj tag lokalizacji w berlin 	 o o o o o o o o o o o o o o b-location
Instagram__	PostWithLastPictureWithLocationAndWithHashtag__	utwórz post na instagrama z ostatniego zdjęcia z galerii i dodaj lokalizację w new york 	 o o o o o o o o o o o o o b-location i-location
Instagram__	PostWithLastPictureWithLocationAndWithHashtag__	utwórz post na instagrama z ostatniego zdjęcia z galerii i dodaj filtr clarendon 	 o o o o o o o o o o o o b-filter
Instagram__	PostWithLastPictureWithLocationAndWithHashtag__	utwórz post na instagrama z ostatniego zdjęcia z galerii i dodaj hashtag watercolors 	 o o o o o o o o o o o o b-hashtag
Instagram__	PostWithLastPictureWithLocationAndWithHashtag__	utwórz post na instagramie z ostatniego zdjęcia z galerii 	 o o o o o o o o o
Instagram__	PostWithLastPictureWithLocationAndWithHashtag__	utwórz post na instagramie z ostatniego zdjęcia z galerii i dodaj tag lokalizacji w paris 	 o o o o o o o o o o o o o o b-location
Instagram__	PostWithLastPictureWithLocationAndWithHashtag__	utwórz post na instagramie z ostatniego zdjęcia z galerii i dodaj lokalizację w london 	 o o o o o o o o o o o o o b-location
Instagram__	PostWithLastPictureWithLocationAndWithHashtag__	utwórz post na instagramie z ostatniego zdjęcia z galerii i dodaj filtr gingham 	 o o o o o o o o o o o o b-filter
Instagram__	PostWithLastPictureWithLocationAndWithHashtag__	utwórz post na instagramie z ostatniego zdjęcia z galerii i dodaj hashtag portrait 	 o o o o o o o o o o o o b-hashtag
Instagram__	PostWithLastPictureWithLocationAndWithHashtag__	utwórz nowy post na instagrama z ostatniego zdjęcia z galerii 	 o o o o o o o o o o
Instagram__	PostWithLastPictureWithLocationAndWithHashtag__	utwórz nowy post na instagrama z ostatniego zdjęcia z galerii i dodaj tag lokalizacji w berlin 	 o o o o o o o o o o o o o o o b-location
Instagram__	PostWithLastPictureWithLocationAndWithHashtag__	utwórz nowy post na instagrama z ostatniego zdjęcia z galerii i dodaj lokalizację w new york 	 o o o o o o o o o o o o o o b-location i-location
Instagram__	PostWithLastPictureWithLocationAndWithHashtag__	utwórz nowy post na instagrama z ostatniego zdjęcia z galerii i dodaj filtr crema 	 o o o o o o o o o o o o o b-filter
Instagram__	PostWithLastPictureWithLocationAndWithHashtag__	utwórz nowy post na instagrama z ostatniego zdjęcia z galerii i dodaj hashtag nature 	 o o o o o o o o o o o o o b-hashtag
Instagram__	PostWithLastPictureWithLocationAndWithHashtag__	utwórz nowy post na instagramie z ostatniego zdjęcia z galerii 	 o o o o o o o o o o
Instagram__	PostWithLastPictureWithLocationAndWithHashtag__	utwórz nowy post na instagramie z ostatniego zdjęcia z galerii i dodaj tag lokalizacji w paris 	 o o o o o o o o o o o o o o o b-location
Instagram__	PostWithLastPictureWithLocationAndWithHashtag__	utwórz nowy post na instagramie z ostatniego zdjęcia z galerii i dodaj lokalizację w london 	 o o o o o o o o o o o o o o b-location
Instagram__	PostWithLastPictureWithLocationAndWithHashtag__	utwórz nowy post na instagramie z ostatniego zdjęcia z galerii i dodaj filtr aden 	 o o o o o o o o o o o o o b-filter
Instagram__	PostWithLastPictureWithLocationAndWithHashtag__	utwórz nowy post na instagramie z ostatniego zdjęcia z galerii i dodaj hashtag sundaywalk 	 o o o o o o o o o o o o o b-hashtag
