Gdrive__	OpenGdrive__	show my google drive files 	 o o o o o
Gdrive__	OpenGdrive__	show my files in google drive 	 o o o o o o
Gdrive__	OpenGdrive__	display my google drive files 	 o o o o o
Gdrive__	OpenGdrive__	display my files in google drive 	 o o o o o o
Gdrive__	OpenGdrive__	list my google drive files 	 o o o o o
Gdrive__	OpenGdrive__	list my files in google drive 	 o o o o o o
Gdrive__	OpenGdrive__	find my google drive files 	 o o o o o
Gdrive__	OpenGdrive__	find my files in google drive 	 o o o o o o
Gdrive__	OpenGdrive__	search for my google drive files 	 o o o o o o
Gdrive__	OpenGdrive__	search for my files in google drive 	 o o o o o o o
Gdrive__	ShowFilesWithType__	show my google drive files of type GDRIVE.SLOT.MIME_TYPE 	 o o o o o o o o
Gdrive__	ShowFilesWithType__	show my GDRIVE.SLOT.MIME_TYPE files in google drive 	 o o o o o o o
Gdrive__	ShowFilesWithType__	display my google drive files of type GDRIVE.SLOT.MIME_TYPE 	 o o o o o o o o
Gdrive__	ShowFilesWithType__	display my GDRIVE.SLOT.MIME_TYPE files in google drive 	 o o o o o o o
Gdrive__	ShowFilesWithType__	list my google drive files of type GDRIVE.SLOT.MIME_TYPE 	 o o o o o o o o
Gdrive__	ShowFilesWithType__	list my GDRIVE.SLOT.MIME_TYPE files in google drive 	 o o o o o o o
Gdrive__	ShowFilesWithType__	find my google drive files of type GDRIVE.SLOT.MIME_TYPE 	 o o o o o o o o
Gdrive__	ShowFilesWithType__	find my GDRIVE.SLOT.MIME_TYPE files in google drive 	 o o o o o o o
Gdrive__	ShowFilesWithType__	search for my google drive files of type GDRIVE.SLOT.MIME_TYPE 	 o o o o o o o o o
Gdrive__	ShowFilesWithType__	search for my GDRIVE.SLOT.MIME_TYPE files in google drive 	 o o o o o o o o
Gdrive__	ShowFilesWithStar__	show my starred google drive files 	 o o o o o o
Gdrive__	ShowFilesWithStar__	show the google drive files i starred 	 o o o o o o o
Gdrive__	ShowFilesWithStar__	display my starred google drive files 	 o o o o o o
Gdrive__	ShowFilesWithStar__	display the google drive files i starred 	 o o o o o o o
Gdrive__	ShowFilesWithStar__	list my starred google drive files 	 o o o o o o
Gdrive__	ShowFilesWithStar__	list the google drive files i starred 	 o o o o o o o
Gdrive__	ShowFilesWithStar__	find my starred google drive files 	 o o o o o o
Gdrive__	ShowFilesWithStar__	find the google drive files i starred 	 o o o o o o o
Gdrive__	ShowFilesWithStar__	search for my starred google drive files 	 o o o o o o o
Gdrive__	ShowFilesWithStar__	search for the google drive files i starred 	 o o o o o o o o
Gdrive__	ShowFilesFromTime__	show my google drive files created GDRIVE.SLOT.TIME 	 o o o o o o o
Gdrive__	ShowFilesFromTime__	show my google drive files modified GDRIVE.SLOT.TIME 	 o o o o o o o
Gdrive__	ShowFilesFromTime__	display my google drive files created GDRIVE.SLOT.TIME 	 o o o o o o o
Gdrive__	ShowFilesFromTime__	display my google drive files modified GDRIVE.SLOT.TIME 	 o o o o o o o
Gdrive__	ShowFilesFromTime__	list my google drive files created GDRIVE.SLOT.TIME 	 o o o o o o o
Gdrive__	ShowFilesFromTime__	list my google drive files modified GDRIVE.SLOT.TIME 	 o o o o o o o
Gdrive__	ShowFilesFromTime__	find my google drive files created GDRIVE.SLOT.TIME 	 o o o o o o o
Gdrive__	ShowFilesFromTime__	find my google drive files modified GDRIVE.SLOT.TIME 	 o o o o o o o
Gdrive__	ShowFilesFromTime__	search for my google drive files created GDRIVE.SLOT.TIME 	 o o o o o o o o
Gdrive__	ShowFilesFromTime__	search for my google drive files modified GDRIVE.SLOT.TIME 	 o o o o o o o o
Gdrive__	ShowFilesWithSize__	show my google drive files smaller than GDRIVE.SLOT.FILE_SIZE 	 o o o o o o o o
Gdrive__	ShowFilesWithSize__	show my google drive files larger than GDRIVE.SLOT.FILE_SIZE 	 o o o o o o o o
Gdrive__	ShowFilesWithSize__	display my google drive files smaller than GDRIVE.SLOT.FILE_SIZE 	 o o o o o o o o
Gdrive__	ShowFilesWithSize__	display my google drive files larger than GDRIVE.SLOT.FILE_SIZE 	 o o o o o o o o
Gdrive__	ShowFilesWithSize__	list my google drive files smaller than GDRIVE.SLOT.FILE_SIZE 	 o o o o o o o o
Gdrive__	ShowFilesWithSize__	list my google drive files larger than GDRIVE.SLOT.FILE_SIZE 	 o o o o o o o o
Gdrive__	ShowFilesWithSize__	find my google drive files smaller than GDRIVE.SLOT.FILE_SIZE 	 o o o o o o o o
Gdrive__	ShowFilesWithSize__	find my google drive files larger than GDRIVE.SLOT.FILE_SIZE 	 o o o o o o o o
Gdrive__	ShowFilesWithSize__	search for my google drive files smaller than GDRIVE.SLOT.FILE_SIZE 	 o o o o o o o o o
Gdrive__	ShowFilesWithSize__	search for my google drive files larger than GDRIVE.SLOT.FILE_SIZE 	 o o o o o o o o o
Gdrive__	CreateFile__	create google drive file 	 o o o o
Gdrive__	CreateFile__	create a file in google drive 	 o o o o o o
Gdrive__	CreateFile__	make google drive file 	 o o o o
Gdrive__	CreateFile__	make a file in google drive 	 o o o o o o
Gdrive__	CreateFileWithName__	create a new file with name GDRIVE.SLOT.FILE_NAME on google drive 	 o o o o o o o o o o
Gdrive__	CreateFileWithName__	create a file in google drive named GDRIVE.SLOT.FILE_NAME 	 o o o o o o o o
Gdrive__	CreateFileWithName__	make a new file with name GDRIVE.SLOT.FILE_NAME on google drive 	 o o o o o o o o o o
Gdrive__	CreateFileWithName__	make a file in google drive named GDRIVE.SLOT.FILE_NAME 	 o o o o o o o o
Gdrive__	ShowOldestFiles__	show my oldest google drive files 	 o o o o o o
Gdrive__	ShowOldestFiles__	show my least recently created google drive files 	 o o o o o o o o
Gdrive__	ShowOldestFiles__	display my oldest google drive files 	 o o o o o o
Gdrive__	ShowOldestFiles__	display my least recently created google drive files 	 o o o o o o o o
Gdrive__	ShowOldestFiles__	list my oldest google drive files 	 o o o o o o
Gdrive__	ShowOldestFiles__	list my least recently created google drive files 	 o o o o o o o o
Gdrive__	ShowOldestFiles__	find my oldest google drive files 	 o o o o o o
Gdrive__	ShowOldestFiles__	find my least recently created google drive files 	 o o o o o o o o
Gdrive__	ShowOldestFiles__	search for my oldest google drive files 	 o o o o o o o
Gdrive__	ShowOldestFiles__	search for my least recently created google drive files 	 o o o o o o o o o
Gdrive__	ShowNewestFiles__	show my newest google drive files 	 o o o o o o
Gdrive__	ShowNewestFiles__	show my google drive files that were created most recently 	 o o o o o o o o o o
Gdrive__	ShowNewestFiles__	display my newest google drive files 	 o o o o o o
Gdrive__	ShowNewestFiles__	display my google drive files that were created most recently 	 o o o o o o o o o o
Gdrive__	ShowNewestFiles__	list my newest google drive files 	 o o o o o o
Gdrive__	ShowNewestFiles__	list my google drive files that were created most recently 	 o o o o o o o o o o
Gdrive__	ShowNewestFiles__	find my newest google drive files 	 o o o o o o
Gdrive__	ShowNewestFiles__	find my google drive files that were created most recently 	 o o o o o o o o o o
Gdrive__	ShowNewestFiles__	search for my newest google drive files 	 o o o o o o o
Gdrive__	ShowNewestFiles__	search for my google drive files that were created most recently 	 o o o o o o o o o o o
Gdrive__	SortAlphabetical__	show my google drive files in alphabetical order 	 o o o o o o o o
Gdrive__	SortAlphabetical__	display my google drive files in alphabetical order 	 o o o o o o o o
Gdrive__	SortAlphabetical__	list my google drive files in alphabetical order 	 o o o o o o o o
Gdrive__	SortAlphabetical__	find my google drive files in alphabetical order 	 o o o o o o o o
Gdrive__	SortAlphabetical__	search for my google drive files in alphabetical order 	 o o o o o o o o o
Gdrive__	SortReverseAlphabetical__	show my google drive files in reverse alphabetical order 	 o o o o o o o o o
Gdrive__	SortReverseAlphabetical__	display my google drive files in reverse alphabetical order 	 o o o o o o o o o
Gdrive__	SortReverseAlphabetical__	list my google drive files in reverse alphabetical order 	 o o o o o o o o o
Gdrive__	SortReverseAlphabetical__	find my google drive files in reverse alphabetical order 	 o o o o o o o o o
Gdrive__	SortReverseAlphabetical__	search for my google drive files in reverse alphabetical order 	 o o o o o o o o o o
Gdrive__	OpenFileWithName__	open GDRIVE.SLOT.FILE_NAME for edition in google drive 	 o o o o o o o
Gdrive__	OpenFileWithName__	open my GDRIVE.SLOT.FILE_NAME for edition in google drive 	 o o o o o o o o
Gdrive__	OpenFileWithName__	edit GDRIVE.SLOT.FILE_NAME 	 o o
Gdrive__	OpenFileWithName__	edit GDRIVE.SLOT.FILE_NAME in google drive 	 o o o o o
Gdrive__	OpenFileWithName__	modify GDRIVE.SLOT.FILE_NAME 	 o o
Gdrive__	OpenFileWithName__	modify GDRIVE.SLOT.FILE_NAME in google drive 	 o o o o o
Gdrive__	ShareFileWithNameToAddress__	share GDRIVE.SLOT.FILE_NAME with GDRIVE.SLOT.MAIL 	 o o o o
Gdrive__	ShareFileWithNameToAddress__	share GDRIVE.SLOT.FILE_NAME with GDRIVE.SLOT.MAIL and give a permission for edition 	 o o o o o o o o o o
Gdrive__	ShareFileWithNameToAddress__	share GDRIVE.SLOT.FILE_NAME with GDRIVE.SLOT.MAIL and give a permission for reading 	 o o o o o o o o o o
Gdrive__	ShareFileWithNameToAddress__	share GDRIVE.SLOT.FILE_NAME with GDRIVE.SLOT.MAIL and give a permission to read and write 	 o o o o o o o o o o o o
Gdrive__	ShareFileWithNameToAddress__	share my GDRIVE.SLOT.FILE_NAME with GDRIVE.SLOT.MAIL 	 o o o o o
Gdrive__	ShareFileWithNameToAddress__	share my GDRIVE.SLOT.FILE_NAME with GDRIVE.SLOT.MAIL and give a permission for edition 	 o o o o o o o o o o o
Gdrive__	ShareFileWithNameToAddress__	share my GDRIVE.SLOT.FILE_NAME with GDRIVE.SLOT.MAIL and give a permission for reading 	 o o o o o o o o o o o
Gdrive__	ShareFileWithNameToAddress__	share my GDRIVE.SLOT.FILE_NAME with GDRIVE.SLOT.MAIL and give a permission to read and write 	 o o o o o o o o o o o o o
