Wikipedia__	OpenWikipedia__	open wiki 	 o o
Wikipedia__	OpenWikipedia__	open wiki pages 	 o o o
Wikipedia__	OpenWikipedia__	open wiki definition 	 o o o
Wikipedia__	OpenWikipedia__	open wikipedia 	 o o
Wikipedia__	OpenWikipedia__	open wikipedia pages 	 o o o
Wikipedia__	OpenWikipedia__	open wikipedia definition 	 o o o
Wikipedia__	OpenWikipedia__	show wiki 	 o o
Wikipedia__	OpenWikipedia__	show wiki pages 	 o o o
Wikipedia__	OpenWikipedia__	show wiki definition 	 o o o
Wikipedia__	OpenWikipedia__	show wikipedia 	 o o
Wikipedia__	OpenWikipedia__	show wikipedia pages 	 o o o
Wikipedia__	OpenWikipedia__	show wikipedia definition 	 o o o
Wikipedia__	OpenWikipedia__	show me wiki 	 o o o
Wikipedia__	OpenWikipedia__	show me wiki pages 	 o o o o
Wikipedia__	OpenWikipedia__	show me wiki definition 	 o o o o
Wikipedia__	OpenWikipedia__	show me wikipedia 	 o o o
Wikipedia__	OpenWikipedia__	show me wikipedia pages 	 o o o o
Wikipedia__	OpenWikipedia__	show me wikipedia definition 	 o o o o
Wikipedia__	OpenWikipedia__	display wiki 	 o o
Wikipedia__	OpenWikipedia__	display wiki pages 	 o o o
Wikipedia__	OpenWikipedia__	display wiki definition 	 o o o
Wikipedia__	OpenWikipedia__	display wikipedia 	 o o
Wikipedia__	OpenWikipedia__	display wikipedia pages 	 o o o
Wikipedia__	OpenWikipedia__	display wikipedia definition 	 o o o
Wikipedia__	OpenWikipedia__	browse wiki 	 o o
Wikipedia__	OpenWikipedia__	browse wiki pages 	 o o o
Wikipedia__	OpenWikipedia__	browse wiki definition 	 o o o
Wikipedia__	OpenWikipedia__	browse wikipedia 	 o o
Wikipedia__	OpenWikipedia__	browse wikipedia pages 	 o o o
Wikipedia__	OpenWikipedia__	browse wikipedia definition 	 o o o
Wikipedia__	SearchQuery__	find WIKIPEDIA.SLOT.QUERY on wiki 	 o o o o
Wikipedia__	SearchQuery__	find WIKIPEDIA.SLOT.QUERY on wikipedia 	 o o o o
Wikipedia__	SearchQuery__	find WIKIPEDIA.SLOT.QUERY in wiki 	 o o o o
Wikipedia__	SearchQuery__	find WIKIPEDIA.SLOT.QUERY in wikipedia 	 o o o o
Wikipedia__	SearchQuery__	find WIKIPEDIA.SLOT.QUERY definition on wiki 	 o o o o o
Wikipedia__	SearchQuery__	find WIKIPEDIA.SLOT.QUERY definition on wikipedia 	 o o o o o
Wikipedia__	SearchQuery__	find WIKIPEDIA.SLOT.QUERY definition in wiki 	 o o o o o
Wikipedia__	SearchQuery__	find WIKIPEDIA.SLOT.QUERY definition in wikipedia 	 o o o o o
Wikipedia__	SearchQuery__	search for WIKIPEDIA.SLOT.QUERY on wiki 	 o o o o o
Wikipedia__	SearchQuery__	search for WIKIPEDIA.SLOT.QUERY on wikipedia 	 o o o o o
Wikipedia__	SearchQuery__	search for WIKIPEDIA.SLOT.QUERY in wiki 	 o o o o o
Wikipedia__	SearchQuery__	search for WIKIPEDIA.SLOT.QUERY in wikipedia 	 o o o o o
Wikipedia__	SearchQuery__	search for WIKIPEDIA.SLOT.QUERY definition on wiki 	 o o o o o o
Wikipedia__	SearchQuery__	search for WIKIPEDIA.SLOT.QUERY definition on wikipedia 	 o o o o o o
Wikipedia__	SearchQuery__	search for WIKIPEDIA.SLOT.QUERY definition in wiki 	 o o o o o o
Wikipedia__	SearchQuery__	search for WIKIPEDIA.SLOT.QUERY definition in wikipedia 	 o o o o o o
Wikipedia__	SearchQuery__	browse WIKIPEDIA.SLOT.QUERY on wiki 	 o o o o
Wikipedia__	SearchQuery__	browse WIKIPEDIA.SLOT.QUERY on wikipedia 	 o o o o
Wikipedia__	SearchQuery__	browse WIKIPEDIA.SLOT.QUERY in wiki 	 o o o o
Wikipedia__	SearchQuery__	browse WIKIPEDIA.SLOT.QUERY in wikipedia 	 o o o o
Wikipedia__	SearchQuery__	browse WIKIPEDIA.SLOT.QUERY definition on wiki 	 o o o o o
Wikipedia__	SearchQuery__	browse WIKIPEDIA.SLOT.QUERY definition on wikipedia 	 o o o o o
Wikipedia__	SearchQuery__	browse WIKIPEDIA.SLOT.QUERY definition in wiki 	 o o o o o
Wikipedia__	SearchQuery__	browse WIKIPEDIA.SLOT.QUERY definition in wikipedia 	 o o o o o
Wikipedia__	SearchQuery__	WIKIPEDIA.SLOT.QUERY on wiki 	 o o o
Wikipedia__	SearchQuery__	WIKIPEDIA.SLOT.QUERY on wikipedia 	 o o o
Wikipedia__	SearchQuery__	WIKIPEDIA.SLOT.QUERY in wiki 	 o o o
Wikipedia__	SearchQuery__	WIKIPEDIA.SLOT.QUERY in wikipedia 	 o o o
Wikipedia__	SearchQuery__	pages matching WIKIPEDIA.SLOT.QUERY on wiki 	 o o o o o
Wikipedia__	SearchQuery__	pages matching WIKIPEDIA.SLOT.QUERY on wikipedia 	 o o o o o
Wikipedia__	SearchQuery__	pages matching WIKIPEDIA.SLOT.QUERY in wiki 	 o o o o o
Wikipedia__	SearchQuery__	pages matching WIKIPEDIA.SLOT.QUERY in wikipedia 	 o o o o o
Wikipedia__	SearchQuery__	WIKIPEDIA.SLOT.QUERY matching on wiki 	 o o o o
Wikipedia__	SearchQuery__	WIKIPEDIA.SLOT.QUERY matching on wikipedia 	 o o o o
Wikipedia__	SearchQuery__	WIKIPEDIA.SLOT.QUERY matching in wiki 	 o o o o
Wikipedia__	SearchQuery__	WIKIPEDIA.SLOT.QUERY matching in wikipedia 	 o o o o
Wikipedia__	ScrollDown__	page down 	 o o
Wikipedia__	ScrollDown__	scroll down 	 o o
Wikipedia__	ScrollDown__	downward scroll 	 o o
Wikipedia__	ScrollDown__	go down 	 o o
Wikipedia__	ScrollDown__	go page down 	 o o o
Wikipedia__	ScrollUp__	page up 	 o o
Wikipedia__	ScrollUp__	scroll up 	 o o
Wikipedia__	ScrollUp__	upward scroll 	 o o
Wikipedia__	ScrollUp__	go up 	 o o
Wikipedia__	ScrollUp__	go page up 	 o o o
Wikipedia__	DownloadAsPdf__	download page as pdf 	 o o o o
Wikipedia__	DownloadAsPdf__	download page as pdf file 	 o o o o o
Wikipedia__	DownloadAsPdf__	download page as a pdf 	 o o o o o
Wikipedia__	DownloadAsPdf__	download page as a pdf file 	 o o o o o o
Wikipedia__	DownloadAsPdf__	download article as pdf 	 o o o o
Wikipedia__	DownloadAsPdf__	download article as pdf file 	 o o o o o
Wikipedia__	DownloadAsPdf__	download article as a pdf 	 o o o o o
Wikipedia__	DownloadAsPdf__	download article as a pdf file 	 o o o o o o
Wikipedia__	DownloadAsPdf__	download this page as pdf 	 o o o o o
Wikipedia__	DownloadAsPdf__	download this page as pdf file 	 o o o o o o
Wikipedia__	DownloadAsPdf__	download this page as a pdf 	 o o o o o o
Wikipedia__	DownloadAsPdf__	download this page as a pdf file 	 o o o o o o o
Wikipedia__	DownloadAsPdf__	download this article as pdf 	 o o o o o
Wikipedia__	DownloadAsPdf__	download this article as pdf file 	 o o o o o o
Wikipedia__	DownloadAsPdf__	download this article as a pdf 	 o o o o o o
Wikipedia__	DownloadAsPdf__	download this article as a pdf file 	 o o o o o o o
Wikipedia__	DownloadAsPdf__	download that page as pdf 	 o o o o o
Wikipedia__	DownloadAsPdf__	download that page as pdf file 	 o o o o o o
Wikipedia__	DownloadAsPdf__	download that page as a pdf 	 o o o o o o
Wikipedia__	DownloadAsPdf__	download that page as a pdf file 	 o o o o o o o
Wikipedia__	DownloadAsPdf__	download that article as pdf 	 o o o o o
Wikipedia__	DownloadAsPdf__	download that article as pdf file 	 o o o o o o
Wikipedia__	DownloadAsPdf__	download that article as a pdf 	 o o o o o o
Wikipedia__	DownloadAsPdf__	download that article as a pdf file 	 o o o o o o o
Wikipedia__	DownloadAsPdf__	get page as pdf 	 o o o o
Wikipedia__	DownloadAsPdf__	get page as pdf file 	 o o o o o
Wikipedia__	DownloadAsPdf__	get page as a pdf 	 o o o o o
Wikipedia__	DownloadAsPdf__	get page as a pdf file 	 o o o o o o
Wikipedia__	DownloadAsPdf__	get article as pdf 	 o o o o
Wikipedia__	DownloadAsPdf__	get article as pdf file 	 o o o o o
Wikipedia__	DownloadAsPdf__	get article as a pdf 	 o o o o o
Wikipedia__	DownloadAsPdf__	get article as a pdf file 	 o o o o o o
Wikipedia__	DownloadAsPdf__	get this page as pdf 	 o o o o o
Wikipedia__	DownloadAsPdf__	get this page as pdf file 	 o o o o o o
Wikipedia__	DownloadAsPdf__	get this page as a pdf 	 o o o o o o
Wikipedia__	DownloadAsPdf__	get this page as a pdf file 	 o o o o o o o
Wikipedia__	DownloadAsPdf__	get this article as pdf 	 o o o o o
Wikipedia__	DownloadAsPdf__	get this article as pdf file 	 o o o o o o
Wikipedia__	DownloadAsPdf__	get this article as a pdf 	 o o o o o o
Wikipedia__	DownloadAsPdf__	get this article as a pdf file 	 o o o o o o o
Wikipedia__	DownloadAsPdf__	get that page as pdf 	 o o o o o
Wikipedia__	DownloadAsPdf__	get that page as pdf file 	 o o o o o o
Wikipedia__	DownloadAsPdf__	get that page as a pdf 	 o o o o o o
Wikipedia__	DownloadAsPdf__	get that page as a pdf file 	 o o o o o o o
Wikipedia__	DownloadAsPdf__	get that article as pdf 	 o o o o o
Wikipedia__	DownloadAsPdf__	get that article as pdf file 	 o o o o o o
Wikipedia__	DownloadAsPdf__	get that article as a pdf 	 o o o o o o
Wikipedia__	DownloadAsPdf__	get that article as a pdf file 	 o o o o o o o
Wikipedia__	ChangeLanguageToLanguage__	change language to english 	 o o o o
Wikipedia__	ChangeLanguageToLanguage__	change language to german 	 o o o o
Wikipedia__	ChangeLanguageToLanguage__	change language to polish 	 o o o o
Wikipedia__	ChangeLanguageToLanguage__	change language to french 	 o o o o
Wikipedia__	ChangeLanguageToLanguage__	change language to italian 	 o o o o
Wikipedia__	ChangeLanguageToLanguage__	change language to spanish 	 o o o o
Wikipedia__	ChangeLanguageToLanguage__	change language to russian 	 o o o o
Wikipedia__	ChangeLanguageToLanguage__	change language to chinese 	 o o o o
Wikipedia__	ChangeLanguageToLanguage__	change language to ukrainian 	 o o o o
Wikipedia__	ChangeLanguageToLanguage__	change language to arabic 	 o o o o
Wikipedia__	ChangeLanguageToLanguage__	change language to portuguese 	 o o o o
Wikipedia__	ChangeLanguageToLanguage__	change language of this page to english 	 o o o o o o o
Wikipedia__	ChangeLanguageToLanguage__	change language of this page to german 	 o o o o o o o
Wikipedia__	ChangeLanguageToLanguage__	change language of this page to polish 	 o o o o o o o
Wikipedia__	ChangeLanguageToLanguage__	change language of this page to french 	 o o o o o o o
Wikipedia__	ChangeLanguageToLanguage__	change language of this page to italian 	 o o o o o o o
Wikipedia__	ChangeLanguageToLanguage__	change language of this page to spanish 	 o o o o o o o
Wikipedia__	ChangeLanguageToLanguage__	change language of this page to russian 	 o o o o o o o
Wikipedia__	ChangeLanguageToLanguage__	change language of this page to chinese 	 o o o o o o o
Wikipedia__	ChangeLanguageToLanguage__	change language of this page to ukrainian 	 o o o o o o o
Wikipedia__	ChangeLanguageToLanguage__	change language of this page to arabic 	 o o o o o o o
Wikipedia__	ChangeLanguageToLanguage__	change language of this page to portuguese 	 o o o o o o o
Wikipedia__	ChangeLanguageToLanguage__	change language of this article to english 	 o o o o o o o
Wikipedia__	ChangeLanguageToLanguage__	change language of this article to german 	 o o o o o o o
Wikipedia__	ChangeLanguageToLanguage__	change language of this article to polish 	 o o o o o o o
Wikipedia__	ChangeLanguageToLanguage__	change language of this article to french 	 o o o o o o o
Wikipedia__	ChangeLanguageToLanguage__	change language of this article to italian 	 o o o o o o o
Wikipedia__	ChangeLanguageToLanguage__	change language of this article to spanish 	 o o o o o o o
Wikipedia__	ChangeLanguageToLanguage__	change language of this article to russian 	 o o o o o o o
Wikipedia__	ChangeLanguageToLanguage__	change language of this article to chinese 	 o o o o o o o
Wikipedia__	ChangeLanguageToLanguage__	change language of this article to ukrainian 	 o o o o o o o
Wikipedia__	ChangeLanguageToLanguage__	change language of this article to arabic 	 o o o o o o o
Wikipedia__	ChangeLanguageToLanguage__	change language of this article to portuguese 	 o o o o o o o
Wikipedia__	ChangeLanguageToLanguage__	switch language to english 	 o o o o
Wikipedia__	ChangeLanguageToLanguage__	switch language to german 	 o o o o
Wikipedia__	ChangeLanguageToLanguage__	switch language to polish 	 o o o o
Wikipedia__	ChangeLanguageToLanguage__	switch language to french 	 o o o o
Wikipedia__	ChangeLanguageToLanguage__	switch language to italian 	 o o o o
Wikipedia__	ChangeLanguageToLanguage__	switch language to spanish 	 o o o o
Wikipedia__	ChangeLanguageToLanguage__	switch language to russian 	 o o o o
Wikipedia__	ChangeLanguageToLanguage__	switch language to chinese 	 o o o o
Wikipedia__	ChangeLanguageToLanguage__	switch language to ukrainian 	 o o o o
Wikipedia__	ChangeLanguageToLanguage__	switch language to arabic 	 o o o o
Wikipedia__	ChangeLanguageToLanguage__	switch language to portuguese 	 o o o o
Wikipedia__	ChangeLanguageToLanguage__	switch language of this page to english 	 o o o o o o o
Wikipedia__	ChangeLanguageToLanguage__	switch language of this page to german 	 o o o o o o o
Wikipedia__	ChangeLanguageToLanguage__	switch language of this page to polish 	 o o o o o o o
Wikipedia__	ChangeLanguageToLanguage__	switch language of this page to french 	 o o o o o o o
Wikipedia__	ChangeLanguageToLanguage__	switch language of this page to italian 	 o o o o o o o
Wikipedia__	ChangeLanguageToLanguage__	switch language of this page to spanish 	 o o o o o o o
Wikipedia__	ChangeLanguageToLanguage__	switch language of this page to russian 	 o o o o o o o
Wikipedia__	ChangeLanguageToLanguage__	switch language of this page to chinese 	 o o o o o o o
Wikipedia__	ChangeLanguageToLanguage__	switch language of this page to ukrainian 	 o o o o o o o
Wikipedia__	ChangeLanguageToLanguage__	switch language of this page to arabic 	 o o o o o o o
Wikipedia__	ChangeLanguageToLanguage__	switch language of this page to portuguese 	 o o o o o o o
Wikipedia__	ChangeLanguageToLanguage__	switch language of this article to english 	 o o o o o o o
Wikipedia__	ChangeLanguageToLanguage__	switch language of this article to german 	 o o o o o o o
Wikipedia__	ChangeLanguageToLanguage__	switch language of this article to polish 	 o o o o o o o
Wikipedia__	ChangeLanguageToLanguage__	switch language of this article to french 	 o o o o o o o
Wikipedia__	ChangeLanguageToLanguage__	switch language of this article to italian 	 o o o o o o o
Wikipedia__	ChangeLanguageToLanguage__	switch language of this article to spanish 	 o o o o o o o
Wikipedia__	ChangeLanguageToLanguage__	switch language of this article to russian 	 o o o o o o o
Wikipedia__	ChangeLanguageToLanguage__	switch language of this article to chinese 	 o o o o o o o
Wikipedia__	ChangeLanguageToLanguage__	switch language of this article to ukrainian 	 o o o o o o o
Wikipedia__	ChangeLanguageToLanguage__	switch language of this article to arabic 	 o o o o o o o
Wikipedia__	ChangeLanguageToLanguage__	switch language of this article to portuguese 	 o o o o o o o
Wikipedia__	ChangeLanguageToLanguage__	show this page in english 	 o o o o o
Wikipedia__	ChangeLanguageToLanguage__	show this page in german 	 o o o o o
Wikipedia__	ChangeLanguageToLanguage__	show this page in polish 	 o o o o o
Wikipedia__	ChangeLanguageToLanguage__	show this page in french 	 o o o o o
Wikipedia__	ChangeLanguageToLanguage__	show this page in italian 	 o o o o o
Wikipedia__	ChangeLanguageToLanguage__	show this page in spanish 	 o o o o o
Wikipedia__	ChangeLanguageToLanguage__	show this page in russian 	 o o o o o
Wikipedia__	ChangeLanguageToLanguage__	show this page in chinese 	 o o o o o
Wikipedia__	ChangeLanguageToLanguage__	show this page in ukrainian 	 o o o o o
Wikipedia__	ChangeLanguageToLanguage__	show this page in arabic 	 o o o o o
Wikipedia__	ChangeLanguageToLanguage__	show this page in portuguese 	 o o o o o
Wikipedia__	ChangeLanguageToLanguage__	show this article in english 	 o o o o o
Wikipedia__	ChangeLanguageToLanguage__	show this article in german 	 o o o o o
Wikipedia__	ChangeLanguageToLanguage__	show this article in polish 	 o o o o o
Wikipedia__	ChangeLanguageToLanguage__	show this article in french 	 o o o o o
Wikipedia__	ChangeLanguageToLanguage__	show this article in italian 	 o o o o o
Wikipedia__	ChangeLanguageToLanguage__	show this article in spanish 	 o o o o o
Wikipedia__	ChangeLanguageToLanguage__	show this article in russian 	 o o o o o
Wikipedia__	ChangeLanguageToLanguage__	show this article in chinese 	 o o o o o
Wikipedia__	ChangeLanguageToLanguage__	show this article in ukrainian 	 o o o o o
Wikipedia__	ChangeLanguageToLanguage__	show this article in arabic 	 o o o o o
Wikipedia__	ChangeLanguageToLanguage__	show this article in portuguese 	 o o o o o
Wikipedia__	ChangeLanguageToLanguage__	show that page in english 	 o o o o o
Wikipedia__	ChangeLanguageToLanguage__	show that page in german 	 o o o o o
Wikipedia__	ChangeLanguageToLanguage__	show that page in polish 	 o o o o o
Wikipedia__	ChangeLanguageToLanguage__	show that page in french 	 o o o o o
Wikipedia__	ChangeLanguageToLanguage__	show that page in italian 	 o o o o o
Wikipedia__	ChangeLanguageToLanguage__	show that page in spanish 	 o o o o o
Wikipedia__	ChangeLanguageToLanguage__	show that page in russian 	 o o o o o
Wikipedia__	ChangeLanguageToLanguage__	show that page in chinese 	 o o o o o
Wikipedia__	ChangeLanguageToLanguage__	show that page in ukrainian 	 o o o o o
Wikipedia__	ChangeLanguageToLanguage__	show that page in arabic 	 o o o o o
Wikipedia__	ChangeLanguageToLanguage__	show that page in portuguese 	 o o o o o
Wikipedia__	ChangeLanguageToLanguage__	show that article in english 	 o o o o o
Wikipedia__	ChangeLanguageToLanguage__	show that article in german 	 o o o o o
Wikipedia__	ChangeLanguageToLanguage__	show that article in polish 	 o o o o o
Wikipedia__	ChangeLanguageToLanguage__	show that article in french 	 o o o o o
Wikipedia__	ChangeLanguageToLanguage__	show that article in italian 	 o o o o o
Wikipedia__	ChangeLanguageToLanguage__	show that article in spanish 	 o o o o o
Wikipedia__	ChangeLanguageToLanguage__	show that article in russian 	 o o o o o
Wikipedia__	ChangeLanguageToLanguage__	show that article in chinese 	 o o o o o
Wikipedia__	ChangeLanguageToLanguage__	show that article in ukrainian 	 o o o o o
Wikipedia__	ChangeLanguageToLanguage__	show that article in arabic 	 o o o o o
Wikipedia__	ChangeLanguageToLanguage__	show that article in portuguese 	 o o o o o
Wikipedia__	ChangeLanguageToLanguage__	display this page in english 	 o o o o o
Wikipedia__	ChangeLanguageToLanguage__	display this page in german 	 o o o o o
Wikipedia__	ChangeLanguageToLanguage__	display this page in polish 	 o o o o o
Wikipedia__	ChangeLanguageToLanguage__	display this page in french 	 o o o o o
Wikipedia__	ChangeLanguageToLanguage__	display this page in italian 	 o o o o o
Wikipedia__	ChangeLanguageToLanguage__	display this page in spanish 	 o o o o o
Wikipedia__	ChangeLanguageToLanguage__	display this page in russian 	 o o o o o
Wikipedia__	ChangeLanguageToLanguage__	display this page in chinese 	 o o o o o
Wikipedia__	ChangeLanguageToLanguage__	display this page in ukrainian 	 o o o o o
Wikipedia__	ChangeLanguageToLanguage__	display this page in arabic 	 o o o o o
Wikipedia__	ChangeLanguageToLanguage__	display this page in portuguese 	 o o o o o
Wikipedia__	ChangeLanguageToLanguage__	display this article in english 	 o o o o o
Wikipedia__	ChangeLanguageToLanguage__	display this article in german 	 o o o o o
Wikipedia__	ChangeLanguageToLanguage__	display this article in polish 	 o o o o o
Wikipedia__	ChangeLanguageToLanguage__	display this article in french 	 o o o o o
Wikipedia__	ChangeLanguageToLanguage__	display this article in italian 	 o o o o o
Wikipedia__	ChangeLanguageToLanguage__	display this article in spanish 	 o o o o o
Wikipedia__	ChangeLanguageToLanguage__	display this article in russian 	 o o o o o
Wikipedia__	ChangeLanguageToLanguage__	display this article in chinese 	 o o o o o
Wikipedia__	ChangeLanguageToLanguage__	display this article in ukrainian 	 o o o o o
Wikipedia__	ChangeLanguageToLanguage__	display this article in arabic 	 o o o o o
Wikipedia__	ChangeLanguageToLanguage__	display this article in portuguese 	 o o o o o
Wikipedia__	ChangeLanguageToLanguage__	display that page in english 	 o o o o o
Wikipedia__	ChangeLanguageToLanguage__	display that page in german 	 o o o o o
Wikipedia__	ChangeLanguageToLanguage__	display that page in polish 	 o o o o o
Wikipedia__	ChangeLanguageToLanguage__	display that page in french 	 o o o o o
Wikipedia__	ChangeLanguageToLanguage__	display that page in italian 	 o o o o o
Wikipedia__	ChangeLanguageToLanguage__	display that page in spanish 	 o o o o o
Wikipedia__	ChangeLanguageToLanguage__	display that page in russian 	 o o o o o
Wikipedia__	ChangeLanguageToLanguage__	display that page in chinese 	 o o o o o
Wikipedia__	ChangeLanguageToLanguage__	display that page in ukrainian 	 o o o o o
Wikipedia__	ChangeLanguageToLanguage__	display that page in arabic 	 o o o o o
Wikipedia__	ChangeLanguageToLanguage__	display that page in portuguese 	 o o o o o
Wikipedia__	ChangeLanguageToLanguage__	display that article in english 	 o o o o o
Wikipedia__	ChangeLanguageToLanguage__	display that article in german 	 o o o o o
Wikipedia__	ChangeLanguageToLanguage__	display that article in polish 	 o o o o o
Wikipedia__	ChangeLanguageToLanguage__	display that article in french 	 o o o o o
Wikipedia__	ChangeLanguageToLanguage__	display that article in italian 	 o o o o o
Wikipedia__	ChangeLanguageToLanguage__	display that article in spanish 	 o o o o o
Wikipedia__	ChangeLanguageToLanguage__	display that article in russian 	 o o o o o
Wikipedia__	ChangeLanguageToLanguage__	display that article in chinese 	 o o o o o
Wikipedia__	ChangeLanguageToLanguage__	display that article in ukrainian 	 o o o o o
Wikipedia__	ChangeLanguageToLanguage__	display that article in arabic 	 o o o o o
Wikipedia__	ChangeLanguageToLanguage__	display that article in portuguese 	 o o o o o
Wikipedia__	RandomPage__	random wiki page 	 o o o
Wikipedia__	RandomPage__	random wiki article 	 o o o
Wikipedia__	RandomPage__	random wikipedia page 	 o o o
Wikipedia__	RandomPage__	random wikipedia article 	 o o o
Wikipedia__	RandomPage__	show random wiki page 	 o o o o
Wikipedia__	RandomPage__	show random wiki article 	 o o o o
Wikipedia__	RandomPage__	show random wikipedia page 	 o o o o
Wikipedia__	RandomPage__	show random wikipedia article 	 o o o o
Wikipedia__	RandomPage__	show me random wiki page 	 o o o o o
Wikipedia__	RandomPage__	show me random wiki article 	 o o o o o
Wikipedia__	RandomPage__	show me random wikipedia page 	 o o o o o
Wikipedia__	RandomPage__	show me random wikipedia article 	 o o o o o
Wikipedia__	RandomPage__	display random wiki page 	 o o o o
Wikipedia__	RandomPage__	display random wiki article 	 o o o o
Wikipedia__	RandomPage__	display random wikipedia page 	 o o o o
Wikipedia__	RandomPage__	display random wikipedia article 	 o o o o
Wikipedia__	RandomPage__	wiki surf 	 o o
Wikipedia__	RandomPage__	wiki surfing 	 o o
Wikipedia__	RandomPage__	wikipedia surf 	 o o
Wikipedia__	RandomPage__	wikipedia surfing 	 o o
Wikipedia__	RandomPage__	surf wiki 	 o o
Wikipedia__	RandomPage__	surf wikipedia 	 o o
Wikipedia__	RandomPage__	cruise wiki 	 o o
Wikipedia__	RandomPage__	cruise wikipedia 	 o o
Wikipedia__	GoToElementNumber__	go to first element from contents 	 o o o o o o
Wikipedia__	GoToElementNumber__	go to first element in contents 	 o o o o o o
Wikipedia__	GoToElementNumber__	go to first item from contents 	 o o o o o o
Wikipedia__	GoToElementNumber__	go to first item in contents 	 o o o o o o
Wikipedia__	GoToElementNumber__	go to second element from contents 	 o o o o o o
Wikipedia__	GoToElementNumber__	go to second element in contents 	 o o o o o o
Wikipedia__	GoToElementNumber__	go to second item from contents 	 o o o o o o
Wikipedia__	GoToElementNumber__	go to second item in contents 	 o o o o o o
Wikipedia__	GoToElementNumber__	go to third element from contents 	 o o o o o o
Wikipedia__	GoToElementNumber__	go to third element in contents 	 o o o o o o
Wikipedia__	GoToElementNumber__	go to third item from contents 	 o o o o o o
Wikipedia__	GoToElementNumber__	go to third item in contents 	 o o o o o o
Wikipedia__	GoToElementNumber__	go to fourth element from contents 	 o o o o o o
Wikipedia__	GoToElementNumber__	go to fourth element in contents 	 o o o o o o
Wikipedia__	GoToElementNumber__	go to fourth item from contents 	 o o o o o o
Wikipedia__	GoToElementNumber__	go to fourth item in contents 	 o o o o o o
Wikipedia__	GoToElementNumber__	go to fifth element from contents 	 o o o o o o
Wikipedia__	GoToElementNumber__	go to fifth element in contents 	 o o o o o o
Wikipedia__	GoToElementNumber__	go to fifth item from contents 	 o o o o o o
Wikipedia__	GoToElementNumber__	go to fifth item in contents 	 o o o o o o
Wikipedia__	GoToElementNumber__	go to sixth element from contents 	 o o o o o o
Wikipedia__	GoToElementNumber__	go to sixth element in contents 	 o o o o o o
Wikipedia__	GoToElementNumber__	go to sixth item from contents 	 o o o o o o
Wikipedia__	GoToElementNumber__	go to sixth item in contents 	 o o o o o o
Wikipedia__	GoToElementNumber__	go to seventh element from contents 	 o o o o o o
Wikipedia__	GoToElementNumber__	go to seventh element in contents 	 o o o o o o
Wikipedia__	GoToElementNumber__	go to seventh item from contents 	 o o o o o o
Wikipedia__	GoToElementNumber__	go to seventh item in contents 	 o o o o o o
Wikipedia__	GoToElementNumber__	go to eight element from contents 	 o o o o o o
Wikipedia__	GoToElementNumber__	go to eight element in contents 	 o o o o o o
Wikipedia__	GoToElementNumber__	go to eight item from contents 	 o o o o o o
Wikipedia__	GoToElementNumber__	go to eight item in contents 	 o o o o o o
Wikipedia__	GoToElementNumber__	go to ninth element from contents 	 o o o o o o
Wikipedia__	GoToElementNumber__	go to ninth element in contents 	 o o o o o o
Wikipedia__	GoToElementNumber__	go to ninth item from contents 	 o o o o o o
Wikipedia__	GoToElementNumber__	go to ninth item in contents 	 o o o o o o
Wikipedia__	GoToElementNumber__	go to tenth element from contents 	 o o o o o o
Wikipedia__	GoToElementNumber__	go to tenth element in contents 	 o o o o o o
Wikipedia__	GoToElementNumber__	go to tenth item from contents 	 o o o o o o
Wikipedia__	GoToElementNumber__	go to tenth item in contents 	 o o o o o o
Wikipedia__	GoToElementNumber__	go to the first element from contents 	 o o o o o o o
Wikipedia__	GoToElementNumber__	go to the first element in contents 	 o o o o o o o
Wikipedia__	GoToElementNumber__	go to the first item from contents 	 o o o o o o o
Wikipedia__	GoToElementNumber__	go to the first item in contents 	 o o o o o o o
Wikipedia__	GoToElementNumber__	go to the second element from contents 	 o o o o o o o
Wikipedia__	GoToElementNumber__	go to the second element in contents 	 o o o o o o o
Wikipedia__	GoToElementNumber__	go to the second item from contents 	 o o o o o o o
Wikipedia__	GoToElementNumber__	go to the second item in contents 	 o o o o o o o
Wikipedia__	GoToElementNumber__	go to the third element from contents 	 o o o o o o o
Wikipedia__	GoToElementNumber__	go to the third element in contents 	 o o o o o o o
Wikipedia__	GoToElementNumber__	go to the third item from contents 	 o o o o o o o
Wikipedia__	GoToElementNumber__	go to the third item in contents 	 o o o o o o o
Wikipedia__	GoToElementNumber__	go to the fourth element from contents 	 o o o o o o o
Wikipedia__	GoToElementNumber__	go to the fourth element in contents 	 o o o o o o o
Wikipedia__	GoToElementNumber__	go to the fourth item from contents 	 o o o o o o o
Wikipedia__	GoToElementNumber__	go to the fourth item in contents 	 o o o o o o o
Wikipedia__	GoToElementNumber__	go to the fifth element from contents 	 o o o o o o o
Wikipedia__	GoToElementNumber__	go to the fifth element in contents 	 o o o o o o o
Wikipedia__	GoToElementNumber__	go to the fifth item from contents 	 o o o o o o o
Wikipedia__	GoToElementNumber__	go to the fifth item in contents 	 o o o o o o o
Wikipedia__	GoToElementNumber__	go to the sixth element from contents 	 o o o o o o o
Wikipedia__	GoToElementNumber__	go to the sixth element in contents 	 o o o o o o o
Wikipedia__	GoToElementNumber__	go to the sixth item from contents 	 o o o o o o o
Wikipedia__	GoToElementNumber__	go to the sixth item in contents 	 o o o o o o o
Wikipedia__	GoToElementNumber__	go to the seventh element from contents 	 o o o o o o o
Wikipedia__	GoToElementNumber__	go to the seventh element in contents 	 o o o o o o o
Wikipedia__	GoToElementNumber__	go to the seventh item from contents 	 o o o o o o o
Wikipedia__	GoToElementNumber__	go to the seventh item in contents 	 o o o o o o o
Wikipedia__	GoToElementNumber__	go to the eight element from contents 	 o o o o o o o
Wikipedia__	GoToElementNumber__	go to the eight element in contents 	 o o o o o o o
Wikipedia__	GoToElementNumber__	go to the eight item from contents 	 o o o o o o o
Wikipedia__	GoToElementNumber__	go to the eight item in contents 	 o o o o o o o
Wikipedia__	GoToElementNumber__	go to the ninth element from contents 	 o o o o o o o
Wikipedia__	GoToElementNumber__	go to the ninth element in contents 	 o o o o o o o
Wikipedia__	GoToElementNumber__	go to the ninth item from contents 	 o o o o o o o
Wikipedia__	GoToElementNumber__	go to the ninth item in contents 	 o o o o o o o
Wikipedia__	GoToElementNumber__	go to the tenth element from contents 	 o o o o o o o
Wikipedia__	GoToElementNumber__	go to the tenth element in contents 	 o o o o o o o
Wikipedia__	GoToElementNumber__	go to the tenth item from contents 	 o o o o o o o
Wikipedia__	GoToElementNumber__	go to the tenth item in contents 	 o o o o o o o
Wikipedia__	GoToElementNumber__	jump to first element from contents 	 o o o o o o
Wikipedia__	GoToElementNumber__	jump to first element in contents 	 o o o o o o
Wikipedia__	GoToElementNumber__	jump to first item from contents 	 o o o o o o
Wikipedia__	GoToElementNumber__	jump to first item in contents 	 o o o o o o
Wikipedia__	GoToElementNumber__	jump to second element from contents 	 o o o o o o
Wikipedia__	GoToElementNumber__	jump to second element in contents 	 o o o o o o
Wikipedia__	GoToElementNumber__	jump to second item from contents 	 o o o o o o
Wikipedia__	GoToElementNumber__	jump to second item in contents 	 o o o o o o
Wikipedia__	GoToElementNumber__	jump to third element from contents 	 o o o o o o
Wikipedia__	GoToElementNumber__	jump to third element in contents 	 o o o o o o
Wikipedia__	GoToElementNumber__	jump to third item from contents 	 o o o o o o
Wikipedia__	GoToElementNumber__	jump to third item in contents 	 o o o o o o
Wikipedia__	GoToElementNumber__	jump to fourth element from contents 	 o o o o o o
Wikipedia__	GoToElementNumber__	jump to fourth element in contents 	 o o o o o o
Wikipedia__	GoToElementNumber__	jump to fourth item from contents 	 o o o o o o
Wikipedia__	GoToElementNumber__	jump to fourth item in contents 	 o o o o o o
Wikipedia__	GoToElementNumber__	jump to fifth element from contents 	 o o o o o o
Wikipedia__	GoToElementNumber__	jump to fifth element in contents 	 o o o o o o
Wikipedia__	GoToElementNumber__	jump to fifth item from contents 	 o o o o o o
Wikipedia__	GoToElementNumber__	jump to fifth item in contents 	 o o o o o o
Wikipedia__	GoToElementNumber__	jump to sixth element from contents 	 o o o o o o
Wikipedia__	GoToElementNumber__	jump to sixth element in contents 	 o o o o o o
Wikipedia__	GoToElementNumber__	jump to sixth item from contents 	 o o o o o o
Wikipedia__	GoToElementNumber__	jump to sixth item in contents 	 o o o o o o
Wikipedia__	GoToElementNumber__	jump to seventh element from contents 	 o o o o o o
Wikipedia__	GoToElementNumber__	jump to seventh element in contents 	 o o o o o o
Wikipedia__	GoToElementNumber__	jump to seventh item from contents 	 o o o o o o
Wikipedia__	GoToElementNumber__	jump to seventh item in contents 	 o o o o o o
Wikipedia__	GoToElementNumber__	jump to eight element from contents 	 o o o o o o
Wikipedia__	GoToElementNumber__	jump to eight element in contents 	 o o o o o o
Wikipedia__	GoToElementNumber__	jump to eight item from contents 	 o o o o o o
Wikipedia__	GoToElementNumber__	jump to eight item in contents 	 o o o o o o
Wikipedia__	GoToElementNumber__	jump to ninth element from contents 	 o o o o o o
Wikipedia__	GoToElementNumber__	jump to ninth element in contents 	 o o o o o o
Wikipedia__	GoToElementNumber__	jump to ninth item from contents 	 o o o o o o
Wikipedia__	GoToElementNumber__	jump to ninth item in contents 	 o o o o o o
Wikipedia__	GoToElementNumber__	jump to tenth element from contents 	 o o o o o o
Wikipedia__	GoToElementNumber__	jump to tenth element in contents 	 o o o o o o
Wikipedia__	GoToElementNumber__	jump to tenth item from contents 	 o o o o o o
Wikipedia__	GoToElementNumber__	jump to tenth item in contents 	 o o o o o o
Wikipedia__	GoToElementNumber__	jump to the first element from contents 	 o o o o o o o
Wikipedia__	GoToElementNumber__	jump to the first element in contents 	 o o o o o o o
Wikipedia__	GoToElementNumber__	jump to the first item from contents 	 o o o o o o o
Wikipedia__	GoToElementNumber__	jump to the first item in contents 	 o o o o o o o
Wikipedia__	GoToElementNumber__	jump to the second element from contents 	 o o o o o o o
Wikipedia__	GoToElementNumber__	jump to the second element in contents 	 o o o o o o o
Wikipedia__	GoToElementNumber__	jump to the second item from contents 	 o o o o o o o
Wikipedia__	GoToElementNumber__	jump to the second item in contents 	 o o o o o o o
Wikipedia__	GoToElementNumber__	jump to the third element from contents 	 o o o o o o o
Wikipedia__	GoToElementNumber__	jump to the third element in contents 	 o o o o o o o
Wikipedia__	GoToElementNumber__	jump to the third item from contents 	 o o o o o o o
Wikipedia__	GoToElementNumber__	jump to the third item in contents 	 o o o o o o o
Wikipedia__	GoToElementNumber__	jump to the fourth element from contents 	 o o o o o o o
Wikipedia__	GoToElementNumber__	jump to the fourth element in contents 	 o o o o o o o
Wikipedia__	GoToElementNumber__	jump to the fourth item from contents 	 o o o o o o o
Wikipedia__	GoToElementNumber__	jump to the fourth item in contents 	 o o o o o o o
Wikipedia__	GoToElementNumber__	jump to the fifth element from contents 	 o o o o o o o
Wikipedia__	GoToElementNumber__	jump to the fifth element in contents 	 o o o o o o o
Wikipedia__	GoToElementNumber__	jump to the fifth item from contents 	 o o o o o o o
Wikipedia__	GoToElementNumber__	jump to the fifth item in contents 	 o o o o o o o
Wikipedia__	GoToElementNumber__	jump to the sixth element from contents 	 o o o o o o o
Wikipedia__	GoToElementNumber__	jump to the sixth element in contents 	 o o o o o o o
Wikipedia__	GoToElementNumber__	jump to the sixth item from contents 	 o o o o o o o
Wikipedia__	GoToElementNumber__	jump to the sixth item in contents 	 o o o o o o o
Wikipedia__	GoToElementNumber__	jump to the seventh element from contents 	 o o o o o o o
Wikipedia__	GoToElementNumber__	jump to the seventh element in contents 	 o o o o o o o
Wikipedia__	GoToElementNumber__	jump to the seventh item from contents 	 o o o o o o o
Wikipedia__	GoToElementNumber__	jump to the seventh item in contents 	 o o o o o o o
Wikipedia__	GoToElementNumber__	jump to the eight element from contents 	 o o o o o o o
Wikipedia__	GoToElementNumber__	jump to the eight element in contents 	 o o o o o o o
Wikipedia__	GoToElementNumber__	jump to the eight item from contents 	 o o o o o o o
Wikipedia__	GoToElementNumber__	jump to the eight item in contents 	 o o o o o o o
Wikipedia__	GoToElementNumber__	jump to the ninth element from contents 	 o o o o o o o
Wikipedia__	GoToElementNumber__	jump to the ninth element in contents 	 o o o o o o o
Wikipedia__	GoToElementNumber__	jump to the ninth item from contents 	 o o o o o o o
Wikipedia__	GoToElementNumber__	jump to the ninth item in contents 	 o o o o o o o
Wikipedia__	GoToElementNumber__	jump to the tenth element from contents 	 o o o o o o o
Wikipedia__	GoToElementNumber__	jump to the tenth element in contents 	 o o o o o o o
Wikipedia__	GoToElementNumber__	jump to the tenth item from contents 	 o o o o o o o
Wikipedia__	GoToElementNumber__	jump to the tenth item in contents 	 o o o o o o o
Wikipedia__	GoToElementNumber__	navigate to first element from contents 	 o o o o o o
Wikipedia__	GoToElementNumber__	navigate to first element in contents 	 o o o o o o
Wikipedia__	GoToElementNumber__	navigate to first item from contents 	 o o o o o o
Wikipedia__	GoToElementNumber__	navigate to first item in contents 	 o o o o o o
Wikipedia__	GoToElementNumber__	navigate to second element from contents 	 o o o o o o
Wikipedia__	GoToElementNumber__	navigate to second element in contents 	 o o o o o o
Wikipedia__	GoToElementNumber__	navigate to second item from contents 	 o o o o o o
Wikipedia__	GoToElementNumber__	navigate to second item in contents 	 o o o o o o
Wikipedia__	GoToElementNumber__	navigate to third element from contents 	 o o o o o o
Wikipedia__	GoToElementNumber__	navigate to third element in contents 	 o o o o o o
Wikipedia__	GoToElementNumber__	navigate to third item from contents 	 o o o o o o
Wikipedia__	GoToElementNumber__	navigate to third item in contents 	 o o o o o o
Wikipedia__	GoToElementNumber__	navigate to fourth element from contents 	 o o o o o o
Wikipedia__	GoToElementNumber__	navigate to fourth element in contents 	 o o o o o o
Wikipedia__	GoToElementNumber__	navigate to fourth item from contents 	 o o o o o o
Wikipedia__	GoToElementNumber__	navigate to fourth item in contents 	 o o o o o o
Wikipedia__	GoToElementNumber__	navigate to fifth element from contents 	 o o o o o o
Wikipedia__	GoToElementNumber__	navigate to fifth element in contents 	 o o o o o o
Wikipedia__	GoToElementNumber__	navigate to fifth item from contents 	 o o o o o o
Wikipedia__	GoToElementNumber__	navigate to fifth item in contents 	 o o o o o o
Wikipedia__	GoToElementNumber__	navigate to sixth element from contents 	 o o o o o o
Wikipedia__	GoToElementNumber__	navigate to sixth element in contents 	 o o o o o o
Wikipedia__	GoToElementNumber__	navigate to sixth item from contents 	 o o o o o o
Wikipedia__	GoToElementNumber__	navigate to sixth item in contents 	 o o o o o o
Wikipedia__	GoToElementNumber__	navigate to seventh element from contents 	 o o o o o o
Wikipedia__	GoToElementNumber__	navigate to seventh element in contents 	 o o o o o o
Wikipedia__	GoToElementNumber__	navigate to seventh item from contents 	 o o o o o o
Wikipedia__	GoToElementNumber__	navigate to seventh item in contents 	 o o o o o o
Wikipedia__	GoToElementNumber__	navigate to eight element from contents 	 o o o o o o
Wikipedia__	GoToElementNumber__	navigate to eight element in contents 	 o o o o o o
Wikipedia__	GoToElementNumber__	navigate to eight item from contents 	 o o o o o o
Wikipedia__	GoToElementNumber__	navigate to eight item in contents 	 o o o o o o
Wikipedia__	GoToElementNumber__	navigate to ninth element from contents 	 o o o o o o
Wikipedia__	GoToElementNumber__	navigate to ninth element in contents 	 o o o o o o
Wikipedia__	GoToElementNumber__	navigate to ninth item from contents 	 o o o o o o
Wikipedia__	GoToElementNumber__	navigate to ninth item in contents 	 o o o o o o
Wikipedia__	GoToElementNumber__	navigate to tenth element from contents 	 o o o o o o
Wikipedia__	GoToElementNumber__	navigate to tenth element in contents 	 o o o o o o
Wikipedia__	GoToElementNumber__	navigate to tenth item from contents 	 o o o o o o
Wikipedia__	GoToElementNumber__	navigate to tenth item in contents 	 o o o o o o
Wikipedia__	GoToElementNumber__	navigate to the first element from contents 	 o o o o o o o
Wikipedia__	GoToElementNumber__	navigate to the first element in contents 	 o o o o o o o
Wikipedia__	GoToElementNumber__	navigate to the first item from contents 	 o o o o o o o
Wikipedia__	GoToElementNumber__	navigate to the first item in contents 	 o o o o o o o
Wikipedia__	GoToElementNumber__	navigate to the second element from contents 	 o o o o o o o
Wikipedia__	GoToElementNumber__	navigate to the second element in contents 	 o o o o o o o
Wikipedia__	GoToElementNumber__	navigate to the second item from contents 	 o o o o o o o
Wikipedia__	GoToElementNumber__	navigate to the second item in contents 	 o o o o o o o
Wikipedia__	GoToElementNumber__	navigate to the third element from contents 	 o o o o o o o
Wikipedia__	GoToElementNumber__	navigate to the third element in contents 	 o o o o o o o
Wikipedia__	GoToElementNumber__	navigate to the third item from contents 	 o o o o o o o
Wikipedia__	GoToElementNumber__	navigate to the third item in contents 	 o o o o o o o
Wikipedia__	GoToElementNumber__	navigate to the fourth element from contents 	 o o o o o o o
Wikipedia__	GoToElementNumber__	navigate to the fourth element in contents 	 o o o o o o o
Wikipedia__	GoToElementNumber__	navigate to the fourth item from contents 	 o o o o o o o
Wikipedia__	GoToElementNumber__	navigate to the fourth item in contents 	 o o o o o o o
Wikipedia__	GoToElementNumber__	navigate to the fifth element from contents 	 o o o o o o o
Wikipedia__	GoToElementNumber__	navigate to the fifth element in contents 	 o o o o o o o
Wikipedia__	GoToElementNumber__	navigate to the fifth item from contents 	 o o o o o o o
Wikipedia__	GoToElementNumber__	navigate to the fifth item in contents 	 o o o o o o o
Wikipedia__	GoToElementNumber__	navigate to the sixth element from contents 	 o o o o o o o
Wikipedia__	GoToElementNumber__	navigate to the sixth element in contents 	 o o o o o o o
Wikipedia__	GoToElementNumber__	navigate to the sixth item from contents 	 o o o o o o o
Wikipedia__	GoToElementNumber__	navigate to the sixth item in contents 	 o o o o o o o
Wikipedia__	GoToElementNumber__	navigate to the seventh element from contents 	 o o o o o o o
Wikipedia__	GoToElementNumber__	navigate to the seventh element in contents 	 o o o o o o o
Wikipedia__	GoToElementNumber__	navigate to the seventh item from contents 	 o o o o o o o
Wikipedia__	GoToElementNumber__	navigate to the seventh item in contents 	 o o o o o o o
Wikipedia__	GoToElementNumber__	navigate to the eight element from contents 	 o o o o o o o
Wikipedia__	GoToElementNumber__	navigate to the eight element in contents 	 o o o o o o o
Wikipedia__	GoToElementNumber__	navigate to the eight item from contents 	 o o o o o o o
Wikipedia__	GoToElementNumber__	navigate to the eight item in contents 	 o o o o o o o
Wikipedia__	GoToElementNumber__	navigate to the ninth element from contents 	 o o o o o o o
Wikipedia__	GoToElementNumber__	navigate to the ninth element in contents 	 o o o o o o o
Wikipedia__	GoToElementNumber__	navigate to the ninth item from contents 	 o o o o o o o
Wikipedia__	GoToElementNumber__	navigate to the ninth item in contents 	 o o o o o o o
Wikipedia__	GoToElementNumber__	navigate to the tenth element from contents 	 o o o o o o o
Wikipedia__	GoToElementNumber__	navigate to the tenth element in contents 	 o o o o o o o
Wikipedia__	GoToElementNumber__	navigate to the tenth item from contents 	 o o o o o o o
Wikipedia__	GoToElementNumber__	navigate to the tenth item in contents 	 o o o o o o o
